info_id,t_con_anual,t_con_fact_actual,t_pago_fact_energia,t_pago_anual_energia,t_pago_fact_potencia,t_pago_anual_potencia,importe_total_factura,total_anual_estimado,ahorro_fact_actual,ahorro_anual,compania,tarifa_electricidad
1,3577.33,4394.21,1180.63,5592.61,465.34,2774.04,9284.83,16208.59,1853.25,707.5,endesa,0.13
1,2441.06,1022.63,1556.75,5803.3,861.52,4156.19,6792.91,12315.86,1371.33,3074.66,endesa,0.16
1,2254.78,2827.13,1104.55,3506.72,112.97,3959.36,3599.45,12262.79,1637.75,8611.65,endesa,0.2
1,1738.99,898.22,1169.78,6960.34,186.69,412.27,6376.97,6522.91,2489.16,5655.29,endesa,0.14
1,1070.33,2430.59,1181.62,8380.62,581.64,3493.75,12837.59,7666.61,3524.07,3936.1,endesa,0.26
1,1337.94,2772.94,81.68,3317.04,668.55,4532.29,5098.34,17341.75,1347.81,3199.98,endesa,0.12
1,694.76,2690.26,800.54,6581.03,409.03,2578.61,13738.38,15542.38,2252.07,3989.86,iberdrola,0.18
1,3518.37,4991.14,528.59,725.92,929.89,2969.54,8570.76,4207.69,3138.82,7298.71,candela,0.22
1,4239.89,4430.23,1266.2,8955.32,324.07,1216.1,14426.47,16628.22,2718.75,5940.75,endesa,0.12
1,1222.66,3630.01,1269.79,5329.41,642.23,3219.03,11091.6,6628.37,1622.37,6005.49,endesa,0.2
1,1113.33,954.62,1014.28,9860.76,144.04,553.48,12835.0,6660.85,2782.4,4494.8,endesa,0.16
1,1388.26,1346.68,1456.12,1277.52,961.72,2281.9,5403.56,8047.97,2864.12,9990.28,endesa,0.28
1,4020.69,4273.64,1286.28,5641.45,498.58,3847.35,6377.69,17684.76,1973.74,5851.09,endesa,0.27
1,4757.68,4795.84,934.38,6189.75,118.63,4605.33,7163.28,3619.54,722.05,7156.73,repsol,0.3
1,4321.89,1137.86,805.17,9562.92,548.66,2331.48,4332.64,2206.72,306.44,3709.25,endesa,0.15
1,4319.21,3313.58,1044.77,4215.78,939.99,1500.86,1898.97,9280.46,2664.95,1398.12,endesa,0.13
1,472.35,3913.57,814.69,2152.04,317.85,4027.56,5223.32,16010.56,3012.06,2018.37,endesa,0.15
1,1658.1,933.41,999.57,3821.51,475.81,1819.6,1360.35,16277.72,1080.04,1132.42,endesa,0.22
1,3847.24,423.97,1082.93,3319.91,700.81,3442.96,13354.78,1573.56,4774.17,2350.44,endesa,0.17
1,635.6,3801.91,458.71,944.12,81.72,2536.57,9784.37,19892.99,4646.85,9095.09,candela,0.14
2,2800.64,3102.43,633.85,4885.26,191.22,3176.44,7606.36,1141.95,2414.68,2079.66,pepenergy,0.2
2,3666.18,4551.8,326.29,4238.6,513.74,1856.81,1033.41,13523.86,1809.1,2637.47,repsol,0.22
2,1397.25,4188.4,1224.43,6867.52,640.32,265.58,8115.83,3043.57,1878.43,510.3,candela,0.18
2,1731.67,342.63,541.91,1387.31,958.37,2666.85,3063.75,13857.05,2442.22,8636.85,repsol,0.16
2,1530.29,4131.9,339.95,6230.65,767.17,847.29,4737.14,14210.95,3143.68,4375.28,endesa,0.22
2,255.41,666.1,522.6,9542.48,593.04,2406.34,4020.2,18007.78,4167.98,8784.52,repsol,0.14
2,860.75,1253.06,1550.72,9433.61,653.6,1415.92,11328.79,10001.52,385.38,8489.78,iberdrola,0.21
2,2159.84,1812.97,1768.62,4533.37,179.41,3183.24,6313.32,3351.51,2507.74,3009.96,repsol,0.25
2,897.73,3731.57,1264.74,9296.34,67.16,3302.26,13469.11,17534.1,919.41,7818.34,repsol,0.07
2,400.33,2735.2,1110.88,1490.81,459.49,3067.19,7604.63,11626.49,3989.6,7027.17,iberdrola,0.11
2,4577.36,723.7,284.48,1932.36,55.47,1098.43,11063.96,10565.15,1905.83,4862.0,pepenergy,0.26
2,2212.72,4966.35,1795.09,6954.21,339.91,3396.29,2377.78,3301.86,4234.94,2396.04,iberdrola,0.09
2,2938.04,2936.94,1983.23,3311.03,748.89,2667.5,7515.67,14862.25,260.97,5960.02,candela,0.17
2,4106.43,3127.64,163.41,4525.35,189.2,398.09,961.96,10112.95,3114.22,7576.14,candela,0.1
2,4178.84,3086.89,1124.6,907.32,341.34,2177.28,10524.71,8691.48,3239.17,8086.14,iberdrola,0.2
2,984.38,3077.93,1166.22,3412.92,490.62,2159.2,4901.37,4742.55,1957.33,9073.61,endesa,0.05
2,910.08,2571.41,779.65,8903.4,528.52,803.24,3311.05,2723.29,2836.12,3961.43,repsol,0.17
2,3268.58,686.48,291.16,5329.56,905.46,225.37,10420.28,9041.58,4666.58,3244.37,iberdrola,0.24
2,667.05,439.99,1360.86,7748.6,611.07,2223.98,5102.27,19996.89,1574.42,1073.39,endesa,0.08
2,526.9,2685.48,474.27,3755.13,497.66,4008.53,2144.53,17074.57,3371.94,3930.83,pepenergy,0.3
3,4675.09,3688.18,151.92,6771.18,613.12,1810.09,9655.57,7418.3,4662.62,7937.66,iberdrola,0.13
3,2929.19,4531.75,820.17,535.51,315.34,1490.42,2465.01,18307.79,2897.47,9435.55,repsol,0.28
3,1236.34,2182.62,1539.07,5809.53,599.93,3145.44,11939.01,8482.87,3848.66,9200.59,naturgy,0.29
3,3942.99,3558.65,200.68,1722.26,853.28,3485.75,8129.09,9423.03,324.56,4408.38,iberdrola,0.13
3,4477.28,4427.85,434.77,6473.42,23.68,1209.26,7447.36,5462.66,3697.79,8044.73,iberdrola,0.27
3,1872.2,2377.52,1787.23,6405.2,888.26,2023.77,6537.52,9252.22,3621.76,6355.33,pepenergy,0.2
3,437.21,4656.44,100.32,3787.67,437.93,4322.72,11984.96,6934.5,1897.49,4837.72,endesa,0.17
3,1830.32,3256.8,1029.33,4579.98,752.0,3811.51,11346.99,15388.25,4162.11,2358.93,endesa,0.28
3,2604.46,3663.43,617.68,4804.72,331.94,3973.65,14726.31,14835.2,4131.19,2428.42,endesa,0.06
3,831.46,3760.3,914.11,9484.86,612.32,2485.89,10553.63,4313.3,3382.63,2326.78,pepenergy,0.06
3,4639.19,3254.7,1493.22,4734.41,470.45,4808.23,3056.29,17845.42,2290.86,9454.53,endesa,0.14
3,3775.73,4113.14,577.94,2737.54,99.67,3392.69,6953.1,9382.12,207.84,3040.87,endesa,0.18
3,4440.58,1192.33,191.13,1985.9,226.39,4401.64,13383.04,16447.95,3090.71,9662.45,endesa,0.27
3,489.22,4936.79,927.71,5138.56,364.33,2783.05,8333.95,19383.11,2984.31,7988.04,naturgy,0.27
3,4016.28,3564.31,1474.77,9038.11,785.42,1565.33,9841.06,10769.57,2211.98,9150.69,endesa,0.3
3,905.91,4906.21,1631.77,4646.73,464.76,1455.54,2271.78,11193.25,2349.58,9644.85,repsol,0.19
3,454.88,3068.94,995.65,8408.14,190.96,4036.57,9556.26,3381.46,1787.42,5458.77,pepenergy,0.27
3,2988.17,1568.59,1324.89,7864.4,272.51,3282.23,12344.43,17945.5,2811.25,5682.01,naturgy,0.19
3,4530.07,3896.49,1233.98,924.54,120.67,2644.18,7896.33,8136.98,2115.71,3317.08,candela,0.25
3,2123.89,2613.2,426.28,873.57,179.03,1768.75,12479.35,9070.67,1223.67,6314.45,candela,0.22
4,932.81,1804.49,701.35,7854.71,676.3,1673.85,7013.27,18250.37,932.69,3294.18,endesa,0.11
4,4850.89,585.1,661.36,8186.08,990.58,2802.92,11542.1,5458.86,1848.7,6515.28,naturgy,0.08
4,158.76,1716.34,1880.08,3585.96,871.02,1692.67,6313.51,13264.82,3189.95,9792.59,endesa,0.18
4,575.53,4803.31,425.75,6635.3,716.38,4301.48,2100.55,14204.73,955.98,8584.27,endesa,0.16
4,1504.66,3988.31,137.93,7532.18,595.73,3852.72,6635.27,4594.12,2633.52,8498.07,repsol,0.06
4,4493.52,3800.44,1603.85,6110.16,856.73,3154.05,1730.48,18597.76,3965.14,7216.42,endesa,0.09
4,1993.17,4698.88,794.05,8036.81,694.74,3689.42,7936.59,1591.45,1790.55,8958.39,naturgy,0.26
4,3783.41,2463.57,297.31,5729.42,441.27,1698.92,4174.46,3531.67,4956.31,6106.27,iberdrola,0.24
4,3315.5,2596.23,1067.24,7667.62,633.61,1484.52,524.22,1004.09,570.75,4296.35,candela,0.09
4,2209.77,1753.73,1370.89,8386.92,124.55,1194.78,14062.92,7752.99,2988.88,7455.04,candela,0.21
4,2172.2,201.37,1109.28,5518.54,622.79,2168.88,11583.38,17838.21,4766.64,4010.14,endesa,0.24
4,4088.61,1642.42,756.95,6746.73,865.48,2032.93,10622.05,4402.22,4492.62,3939.68,endesa,0.08
4,1868.4,1122.4,658.87,1659.15,289.99,989.22,14036.26,3215.46,4841.25,2590.3,naturgy,0.24
4,2842.43,3063.25,417.33,7726.02,210.31,912.76,2646.1,16133.9,173.56,3005.87,repsol,0.17
4,2577.71,922.86,196.72,1417.7,191.42,950.45,2201.38,12563.83,3593.86,2473.77,endesa,0.27
4,842.42,4497.5,632.88,9901.76,559.99,3536.97,7778.51,11196.9,4442.44,9909.99,endesa,0.14
4,2394.19,3737.79,1422.41,9208.8,513.54,4320.02,3603.16,6640.14,1938.42,7693.0,endesa,0.28
4,4383.36,4304.27,1870.4,7354.0,325.33,3362.96,13077.0,18719.98,311.99,914.23,endesa,0.29
4,4515.93,2504.08,1622.97,9553.18,344.52,495.32,1385.91,1630.6,474.03,2022.98,candela,0.21
4,3715.73,957.1,270.28,3616.39,780.45,1684.97,2047.04,4080.67,386.65,5650.84,endesa,0.23
5,2207.96,4222.78,1867.24,3068.4,664.6,3791.56,8937.22,18100.32,4578.71,1074.59,endesa,0.14
5,4209.18,2262.99,295.73,1278.07,388.99,3063.77,8922.5,19485.51,2732.68,6880.25,repsol,0.19
5,4553.27,1082.1,155.77,6295.99,734.41,4417.01,9229.2,7040.29,510.44,3713.66,endesa,0.27
5,3564.25,4764.91,51.68,9004.45,62.41,589.32,8646.34,14014.51,4315.72,3425.27,iberdrola,0.08
5,3062.41,3922.65,1264.44,1705.62,45.85,4930.96,2000.69,16089.95,2597.31,1687.6,endesa,0.13
5,2555.0,226.57,956.76,3154.65,857.32,3613.08,2594.89,17050.36,4069.91,9882.94,iberdrola,0.21
5,4688.37,2153.94,1871.37,9129.79,993.26,1759.99,6335.85,15910.17,2501.03,3602.83,iberdrola,0.16
5,1151.63,3396.17,463.22,2402.91,703.42,2894.64,9693.82,5711.08,4211.53,3152.27,naturgy,0.05
5,3879.25,2470.55,704.92,2066.97,950.64,2017.91,9607.8,4046.17,3603.27,6168.68,endesa,0.26
5,4856.53,3027.44,791.07,6659.45,598.32,3167.64,14360.9,18672.18,683.36,4656.13,endesa,0.13
5,4202.52,2035.8,135.38,4431.36,391.99,873.32,714.52,14019.6,2579.98,5005.97,repsol,0.1
5,4028.2,2283.9,1105.81,1667.5,522.98,4108.12,2350.15,10933.06,1131.37,9243.41,repsol,0.12
5,2219.43,1767.62,586.99,1539.28,714.59,3829.11,11364.44,8769.77,4459.04,1401.95,endesa,0.21
5,1562.67,3429.72,1929.81,5360.68,348.87,2842.02,13319.17,18645.41,3921.07,5665.29,repsol,0.13
5,1614.37,2685.17,1893.91,8281.84,713.96,1261.67,7584.51,7041.36,2935.69,1186.53,candela,0.07
5,431.41,4542.88,1387.5,6839.18,482.55,4398.39,13582.5,11005.09,4706.36,5531.38,endesa,0.16
5,3135.92,4444.64,326.7,3203.55,142.87,451.26,10267.3,13878.49,226.07,3068.79,endesa,0.2
5,4831.97,4158.36,65.98,4515.84,161.9,4274.68,9485.62,15265.39,557.59,7072.63,endesa,0.14
5,2423.3,820.39,1539.41,6897.95,917.88,2023.14,2959.6,15497.45,419.33,9318.37,iberdrola,0.1
5,1028.3,4832.9,1729.57,4504.89,570.6,631.69,14640.02,7824.38,3716.13,4968.48,naturgy,0.14
6,2996.24,2733.84,733.62,7814.33,662.09,1293.36,1331.68,1302.05,831.65,762.42,endesa,0.13
6,3353.22,3087.7,1657.89,5214.37,338.23,4334.8,8966.85,3840.04,3720.29,6571.78,iberdrola,0.22
6,1764.82,2545.77,1806.06,9665.05,307.86,3974.77,13544.19,17536.64,1356.6,8384.14,endesa,0.15
6,420.58,802.11,1644.53,5575.91,671.82,1746.19,8249.93,1473.92,837.52,3630.98,endesa,0.27
6,1319.49,4134.31,790.36,9967.01,749.97,1495.8,5499.44,3801.29,879.05,6206.02,pepenergy,0.07
6,4575.44,678.59,449.7,4418.02,615.45,1823.35,13687.43,4747.66,2280.19,6038.11,naturgy,0.14
6,263.82,2349.58,337.25,8637.77,724.2,3411.36,14310.09,7331.86,1461.74,7288.67,endesa,0.15
6,1216.45,4048.74,1338.76,1538.61,688.59,752.66,8806.49,19684.64,1496.76,8296.84,naturgy,0.2
6,1607.43,268.19,194.87,1890.45,154.54,4403.55,2771.28,8429.31,1229.85,2860.82,endesa,0.14
6,3191.03,4394.73,1027.98,7181.63,362.5,1428.19,12445.34,11100.62,3037.36,9364.39,naturgy,0.08
6,4377.73,1442.94,1308.29,7432.39,444.46,512.67,11926.31,6595.06,1190.63,7503.13,pepenergy,0.27
6,3534.89,1413.22,673.11,2727.68,24.8,2123.5,8419.92,17008.89,479.25,1963.94,endesa,0.07
6,656.73,3501.02,1253.24,4829.82,459.67,1113.83,12770.85,1649.23,4721.56,5140.1,endesa,0.07
6,3988.4,950.0,677.43,6913.45,507.7,4764.66,12628.47,5171.75,4419.42,7104.35,endesa,0.28
6,2816.34,977.66,1656.32,7767.23,45.94,2554.8,9364.88,5109.57,1086.43,3406.43,endesa,0.2
6,655.79,2989.35,1400.1,7480.43,802.84,3398.92,12672.42,16392.42,796.72,1818.47,endesa,0.3
6,3324.83,4186.74,1282.8,6820.05,116.23,2918.52,5848.73,6133.23,4706.62,6148.92,endesa,0.05
6,2436.09,2331.39,649.08,2441.39,762.15,3764.07,2980.54,4880.82,1985.51,1845.47,repsol,0.24
6,3956.49,3699.52,1380.82,2055.36,959.97,3532.09,4833.4,8941.56,268.57,1267.79,endesa,0.23
6,4466.14,2996.95,401.56,3188.53,651.04,1728.25,6556.84,14229.35,1048.69,6155.88,endesa,0.21
7,4503.93,4156.79,743.97,2669.21,697.55,3180.24,4563.17,18088.54,1293.61,9420.28,iberdrola,0.11
7,4018.37,1334.68,1343.11,9725.04,750.22,2325.32,14564.22,7861.9,2983.52,7148.44,endesa,0.18
7,4893.8,838.21,1391.93,7624.94,792.8,3948.88,10749.35,5591.52,2603.59,2331.46,pepenergy,0.07
7,1107.72,215.78,376.01,4704.21,746.06,3110.95,14481.41,6033.29,2836.34,4316.68,pepenergy,0.19
7,2737.93,1564.09,1577.97,4085.16,74.06,3166.65,1232.53,1968.18,2174.91,7449.66,endesa,0.13
7,2066.89,1507.52,875.72,7195.89,261.94,444.74,9404.58,6131.3,4782.94,2124.84,iberdrola,0.09
7,3213.94,2390.5,984.2,3668.73,699.11,3440.85,4790.48,1298.28,2195.63,1327.19,naturgy,0.11
7,2248.3,474.93,1292.12,7980.87,412.15,3238.43,6553.56,1667.54,2672.15,3114.74,endesa,0.07
7,1056.77,699.24,1149.1,3177.11,430.48,2315.72,12121.76,4676.54,3459.22,6842.84,endesa,0.26
7,3817.55,1016.57,1828.26,773.02,988.88,4786.18,1354.91,4857.9,3984.18,1133.1,pepenergy,0.19
7,1647.09,2265.29,1411.62,6258.52,493.33,4364.24,680.58,19156.08,1844.45,8162.42,iberdrola,0.11
7,2177.92,2797.64,313.94,3812.8,232.35,1655.22,10163.21,16372.78,4881.23,6691.53,candela,0.07
7,1255.24,587.87,1556.25,6990.4,413.34,2035.22,6722.21,5526.04,467.36,3550.32,endesa,0.17
7,784.7,4283.96,479.99,1224.13,329.37,1985.65,11293.25,16432.19,1901.28,1034.71,repsol,0.26
7,471.48,1595.67,608.24,5605.9,20.04,824.87,2149.78,7040.6,1591.47,2886.67,candela,0.06
7,2113.41,867.79,752.41,7987.98,235.25,3315.46,4666.24,8554.13,4994.56,5529.6,endesa,0.1
7,3304.03,975.71,903.96,4922.29,295.48,2226.34,6645.91,4983.59,2914.93,6053.14,endesa,0.14
7,4207.82,969.66,1726.11,6885.51,461.35,331.8,2755.57,13290.65,3666.83,5245.39,iberdrola,0.11
7,818.05,4709.81,1617.57,7818.05,777.12,1793.12,14599.9,14688.84,2240.39,6789.48,pepenergy,0.06
7,2027.57,4441.12,333.45,8665.63,647.54,1729.69,2229.94,17329.56,4549.14,7771.89,endesa,0.24
8,2446.25,1629.65,1664.3,8451.63,175.74,2761.29,8073.09,1944.77,2169.88,6737.56,naturgy,0.26
8,485.07,4908.92,318.61,7765.24,380.78,1855.14,4890.21,6747.15,4586.47,7768.68,endesa,0.23
8,1309.22,489.82,1747.48,4039.11,789.07,4361.38,718.09,8395.75,2838.53,1331.67,repsol,0.22
8,680.01,4088.72,1251.3,9160.73,34.02,1852.58,12944.6,12101.7,2655.45,4508.14,naturgy,0.14
8,3036.84,2751.79,1836.12,7040.63,655.72,4865.68,11911.26,2784.41,4723.56,7976.59,iberdrola,0.23
8,580.71,2796.42,1488.95,8266.98,979.54,2276.03,855.19,10884.74,393.55,2634.27,endesa,0.27
8,2637.9,2208.31,1731.57,5066.22,190.86,466.48,1598.45,6574.95,3233.15,2988.34,candela,0.3
8,303.45,4101.31,556.52,3171.61,848.94,3282.22,12407.39,9191.84,4265.13,4999.16,naturgy,0.11
8,4277.01,504.44,228.52,8473.24,301.88,3978.38,1919.93,11134.63,2190.99,4834.41,repsol,0.23
8,4379.44,4137.87,1023.95,9263.6,945.83,1604.23,6677.34,9407.43,1550.4,9583.66,endesa,0.24
8,4763.07,3653.68,693.75,6043.05,882.7,2333.93,5940.31,7723.16,4912.75,7906.73,naturgy,0.28
8,948.73,1111.89,528.42,9826.44,739.51,2379.71,8386.91,4858.11,1179.63,1148.98,pepenergy,0.1
8,2076.73,2733.97,331.24,5349.03,907.71,1847.44,13181.47,18952.07,2098.41,3365.49,iberdrola,0.07
8,3716.46,2616.03,171.17,1955.04,922.67,2214.0,517.36,10625.95,561.14,5336.94,endesa,0.23
8,1386.56,536.43,707.67,4739.32,332.43,1609.68,7025.44,17182.56,3937.67,2295.71,endesa,0.17
8,4787.44,778.52,1420.52,8023.22,508.65,4005.51,11305.96,11296.01,1228.27,7892.43,candela,0.06
8,911.76,4564.55,215.02,5374.49,613.46,2023.14,5642.94,2463.61,2366.89,5975.5,naturgy,0.08
8,1963.92,497.35,116.06,1040.04,984.36,4697.1,13336.6,19235.44,1613.73,9697.04,repsol,0.19
8,600.06,873.89,538.77,6672.64,221.82,4719.93,5097.19,3893.67,2428.69,1210.0,naturgy,0.2
8,3483.08,3231.82,1549.78,8054.99,292.81,4625.99,5635.24,10724.91,3045.76,8290.88,candela,0.13
9,170.48,3799.34,771.94,3411.47,598.12,1999.83,6349.23,4083.88,3222.53,3774.3,endesa,0.16
9,4099.8,4245.38,723.12,3462.66,359.83,566.62,13597.95,6798.59,3637.97,2898.55,endesa,0.14
9,4017.8,3684.84,943.39,3345.26,416.46,2689.75,9140.19,12461.23,4804.48,8542.65,pepenergy,0.25
9,3053.65,896.22,530.57,747.05,32.6,966.54,4941.1,7139.7,1245.26,1981.8,endesa,0.19
9,4065.47,3330.97,1485.79,8917.47,541.49,4026.2,9870.31,11161.7,4265.77,2576.0,pepenergy,0.19
9,3828.17,175.83,974.09,2368.37,656.27,2057.26,9403.62,12854.5,1739.71,5482.47,pepenergy,0.06
9,422.33,236.09,164.68,2151.51,793.31,3373.71,14737.59,2421.91,2678.89,8788.12,endesa,0.25
9,358.65,483.24,775.22,2811.91,20.73,4174.6,12582.78,1551.72,1699.1,8597.48,endesa,0.06
9,4369.28,751.38,96.98,4764.07,205.95,1812.46,3450.5,13559.65,1382.76,8759.4,repsol,0.19
9,1750.37,4038.36,1401.96,6280.44,417.83,3947.77,2099.35,12473.08,326.38,8903.11,endesa,0.28
9,3078.5,2505.01,1812.9,2579.16,145.09,2773.26,12056.23,17143.8,3383.53,8781.35,endesa,0.14
9,2486.98,4594.92,90.29,4140.38,811.27,4662.25,14802.12,3832.64,479.57,6954.72,endesa,0.06
9,659.88,3236.18,242.28,1738.5,384.97,4419.85,6398.71,6871.0,2879.09,1883.25,endesa,0.12
9,4449.54,1688.93,1321.67,3606.79,313.11,399.02,13594.05,12631.37,3156.83,5922.25,candela,0.21
9,2102.58,3697.27,852.16,8690.1,729.98,3066.41,14499.56,15893.2,106.22,9738.07,endesa,0.25
9,1377.92,4930.74,51.11,5779.97,183.72,734.47,12071.09,10505.14,2014.06,4392.95,naturgy,0.12
9,2841.73,749.41,436.89,4291.89,987.41,3212.73,12806.13,1746.1,3528.28,4383.84,endesa,0.25
9,4395.82,573.2,729.1,1001.96,707.97,1813.95,14767.13,1842.7,4549.21,4171.07,repsol,0.11
9,4032.36,802.09,231.42,9032.72,504.71,293.37,8527.62,5987.89,1478.0,7797.31,endesa,0.17
9,4646.36,3750.91,1166.61,9740.07,843.24,3205.7,12084.53,14148.28,3938.07,1462.94,candela,0.16
10,3106.63,2786.49,664.12,8756.1,53.9,2378.62,4185.03,2890.41,1018.46,5260.38,endesa,0.06
10,2050.17,2686.09,504.33,8080.8,680.47,3971.05,13282.68,14781.53,2804.12,8019.44,endesa,0.18
10,3460.22,4562.56,1357.67,6347.15,387.43,2879.02,14643.58,17385.29,565.57,941.55,candela,0.08
10,1771.62,3024.3,1190.61,6703.68,773.61,2821.06,3844.75,13110.29,1089.91,5649.09,repsol,0.23
10,201.33,3190.31,338.39,935.03,52.91,3276.51,6014.12,6330.96,3832.3,4013.74,endesa,0.27
10,1636.66,4278.22,1782.81,1068.96,977.15,2943.47,10965.02,6026.52,3106.88,3760.51,endesa,0.19
10,1363.45,1083.64,601.03,5723.71,285.83,2337.82,4806.8,7989.56,3305.57,8424.34,endesa,0.29
10,658.33,1779.34,710.73,7579.17,135.01,2559.98,7992.23,3639.47,2888.74,4869.88,endesa,0.14
10,3668.51,1385.18,1134.77,4103.07,810.52,3285.56,12953.66,9852.64,3007.41,4941.66,endesa,0.18
10,4752.95,3598.4,1531.11,4227.6,765.71,1328.53,6635.49,16092.2,990.71,8853.1,endesa,0.16
10,4219.37,4909.45,1988.79,2651.11,738.57,4875.28,6107.44,12389.57,4074.46,8372.16,candela,0.22
10,2712.95,119.7,1100.91,7547.31,88.79,2434.78,7615.33,2225.03,2745.29,8633.29,endesa,0.15
10,1430.41,3996.42,995.44,7087.54,436.43,3570.25,3239.08,17616.71,1875.94,7453.32,repsol,0.15
10,497.21,2658.08,1844.39,4231.55,898.93,1480.67,8282.35,5463.12,342.9,5166.83,repsol,0.18
10,2649.48,242.51,663.96,1644.73,934.89,3555.79,991.66,9321.96,1223.35,2166.74,candela,0.27
10,2909.65,4671.68,454.68,9541.62,334.11,4289.4,2269.99,13199.23,4419.52,8620.2,candela,0.26
10,1080.47,3541.49,143.0,4082.12,69.27,2425.34,14537.98,17091.96,2066.07,4963.33,endesa,0.22
10,4370.57,1257.98,1789.16,9496.71,871.18,307.07,11505.89,10187.33,954.11,4931.71,naturgy,0.06
10,4395.7,3816.0,1694.89,4809.49,544.77,4169.15,807.14,19167.88,4511.62,2526.8,candela,0.15
10,3369.24,4742.67,834.92,1015.99,620.41,1869.22,4295.45,9993.33,3099.55,9616.02,candela,0.28
11,497.95,2733.91,235.22,6657.45,903.78,4886.44,13467.03,10530.13,1416.69,8311.67,candela,0.15
11,3416.74,1410.38,979.92,4027.24,518.63,1584.91,13410.08,19615.74,3932.32,1021.06,endesa,0.18
11,2398.87,171.25,1822.57,2974.6,903.06,4653.29,11709.73,4635.48,4654.47,7497.04,endesa,0.3
11,4882.17,175.96,481.21,3862.46,646.29,1585.24,2142.45,10217.76,2082.99,2567.41,iberdrola,0.27
11,873.86,839.87,621.21,8706.73,266.6,3244.25,8224.74,14955.13,2913.37,2910.89,pepenergy,0.3
11,1612.71,1018.29,1833.64,7021.4,20.37,499.97,14701.29,3369.46,1033.1,6386.71,endesa,0.12
11,1467.34,1383.99,1326.15,5799.63,450.7,3952.0,13403.06,13066.27,4776.27,1660.02,pepenergy,0.09
11,4503.01,1080.79,681.13,3218.92,663.1,3610.75,10167.44,1752.23,2938.18,4111.41,endesa,0.16
11,3762.21,1933.56,1243.62,4059.64,703.35,2000.87,3461.34,17119.16,738.91,7041.92,pepenergy,0.19
11,2433.01,654.2,1218.99,7216.35,558.4,4722.58,5140.03,3546.91,3044.71,7374.67,candela,0.25
11,3808.74,655.91,1186.71,2809.18,629.83,4012.02,14885.5,3147.49,1603.95,8318.93,repsol,0.24
11,798.39,1431.22,694.88,8658.05,113.57,3248.6,5773.9,7479.69,4580.65,9289.94,repsol,0.25
11,3743.41,1380.63,114.9,8116.79,124.45,4668.21,6405.2,5131.96,637.14,5398.54,repsol,0.06
11,3209.01,1852.05,1570.08,3460.78,206.42,1145.23,8966.75,5303.27,4869.38,9808.55,endesa,0.29
11,4806.83,2270.29,1093.85,4412.29,165.5,302.88,1787.37,17827.94,4571.27,4529.59,endesa,0.09
11,3355.05,4621.26,1370.08,7116.21,518.89,4521.52,12323.4,1341.86,4812.97,8826.86,endesa,0.11
11,1001.38,4661.25,1856.2,1508.39,606.88,3242.78,5008.15,3162.17,1978.08,7230.91,endesa,0.2
11,1773.32,2294.62,1882.4,3439.75,687.14,353.03,13562.17,16088.75,4797.78,8725.51,endesa,0.17
11,153.71,959.74,1663.24,7648.01,752.91,4265.68,13316.56,3238.48,3541.94,4631.69,endesa,0.15
11,4428.23,2524.43,123.05,3557.49,104.44,3718.73,4615.11,15737.21,4822.59,9676.17,candela,0.14
12,1250.09,2446.87,1124.01,3819.69,829.29,824.21,8790.68,3134.46,1865.88,2857.02,endesa,0.22
12,1515.14,1130.48,1219.25,8515.5,218.49,2534.4,1300.6,14244.81,2531.22,2270.24,endesa,0.28
12,4555.53,3885.39,855.74,8723.26,930.29,671.0,3760.44,15724.63,3987.53,6387.98,repsol,0.28
12,1629.81,437.49,1156.63,6251.11,982.15,1019.24,4218.38,6340.98,2789.92,7684.0,endesa,0.06
12,365.68,1559.69,1693.65,4356.18,407.48,681.32,5176.41,13757.15,249.56,4869.98,endesa,0.28
12,2031.9,2925.25,1979.23,8722.97,287.67,1360.48,5848.34,2817.37,340.46,1988.28,endesa,0.1
12,3064.26,4476.56,213.77,3563.75,835.86,1005.1,12037.85,2780.33,426.34,6280.94,endesa,0.15
12,911.98,2549.68,526.92,1540.52,69.96,1331.87,5974.63,13969.5,729.09,9586.85,pepenergy,0.28
12,1292.8,1835.64,212.82,7335.21,887.95,3395.37,9005.26,16846.02,4517.43,4990.55,endesa,0.23
12,3993.03,3827.88,1248.4,9840.66,881.31,3629.78,5517.7,6751.1,3038.84,9978.88,candela,0.3
12,137.92,3218.98,283.97,8716.13,413.9,641.56,7880.65,5743.75,4866.09,7574.78,endesa,0.09
12,1392.02,4751.67,1749.21,7010.68,708.37,3730.37,8720.24,10973.86,2441.29,2477.76,iberdrola,0.12
12,4745.76,1068.37,942.25,2384.4,630.53,449.41,12808.9,16824.51,3082.34,4085.16,endesa,0.2
12,1836.39,2786.18,1537.2,5108.5,926.22,3960.75,12109.74,7438.13,3202.78,4054.23,endesa,0.19
12,3445.05,4429.23,1041.19,5530.23,964.42,3710.54,3920.71,7132.56,1478.4,1662.57,candela,0.2
12,1182.48,3614.66,488.79,4654.55,791.33,4664.94,3840.65,7293.69,431.41,4201.32,endesa,0.2
12,3864.77,3103.35,996.95,7962.59,32.33,3140.83,4024.74,13226.76,2216.42,5146.42,pepenergy,0.24
12,2139.15,3410.92,1839.6,4517.91,786.41,3682.71,12621.59,8611.45,1209.81,5770.44,endesa,0.3
12,1091.09,4697.13,630.69,6589.04,810.37,726.78,10848.93,18464.08,1567.92,3449.47,endesa,0.08
12,1289.55,2294.44,384.46,3802.89,427.23,3033.51,4790.16,13362.56,1542.13,3354.53,endesa,0.13
13,2128.39,4517.21,954.79,4830.83,502.24,996.33,14476.4,9047.96,3067.47,5993.02,endesa,0.16
13,1574.03,4491.0,1916.24,9862.12,568.22,4607.11,10236.16,1410.71,4374.45,9386.05,pepenergy,0.16
13,2872.14,1209.31,288.22,3390.96,167.15,4540.56,3131.43,12225.91,1195.81,4403.93,iberdrola,0.24
13,2190.86,2710.9,1551.96,4456.61,824.3,3975.23,567.47,2532.6,2428.61,588.57,endesa,0.12
13,1737.69,2823.91,1368.21,2851.6,645.18,4805.78,13151.51,1798.28,1576.01,5375.82,endesa,0.18
13,4551.89,1205.45,1539.38,1441.34,623.76,2091.61,10953.74,14367.91,3126.12,6281.73,pepenergy,0.14
13,2042.26,2517.14,1774.68,9947.25,736.31,4170.44,12947.54,15598.05,4247.72,8600.78,candela,0.05
13,1819.3,2585.06,1531.22,6481.67,296.75,403.71,13621.73,7634.25,4109.53,673.62,repsol,0.24
13,4435.92,876.85,1490.93,1474.6,632.82,2331.44,3608.18,14335.82,1315.57,9443.77,pepenergy,0.23
13,3092.43,825.42,844.81,1093.51,549.26,3119.28,2084.21,11616.41,4834.05,5040.17,candela,0.2
13,2760.35,704.0,1420.88,8341.86,824.98,3802.09,3166.74,1648.8,2057.85,2039.7,iberdrola,0.22
13,3891.84,658.22,975.13,4111.41,903.31,230.7,4123.57,19880.34,2503.08,5949.83,iberdrola,0.09
13,203.21,4054.04,1831.83,2813.05,897.98,1894.36,2568.61,1161.69,2283.11,5098.54,repsol,0.19
13,4314.47,1496.42,1172.03,8475.37,678.53,3770.6,2619.32,9125.35,691.59,795.78,endesa,0.09
13,823.3,1289.56,1162.69,9206.68,718.74,4927.65,4379.52,12968.67,1503.55,3344.7,repsol,0.14
13,420.7,4674.49,1068.83,8819.33,196.13,533.8,10775.99,18565.8,3502.36,3073.08,endesa,0.07
13,3430.37,3769.12,76.44,2453.47,590.68,3186.81,3079.77,3008.89,705.66,3706.26,iberdrola,0.07
13,3917.65,2925.77,1267.08,1404.92,258.86,3750.09,1081.45,8982.42,3661.06,8073.48,endesa,0.24
13,2573.02,1909.57,1421.62,8780.06,490.6,1111.13,14586.1,15749.05,4932.61,4134.87,endesa,0.3
13,2571.97,1487.06,810.35,5062.24,185.09,3944.79,11908.22,1388.57,1093.83,4005.11,naturgy,0.2
14,1466.85,1182.57,425.85,522.56,299.27,2344.67,14351.24,11101.0,4330.08,5239.4,endesa,0.1
14,4644.99,865.2,911.51,2380.8,411.0,4656.25,5409.75,9746.76,4495.91,7177.54,endesa,0.27
14,2731.46,2502.88,1849.34,2913.07,425.34,344.13,6081.87,4324.15,2735.38,1147.37,endesa,0.27
14,2170.59,2714.8,732.24,5387.67,364.21,1184.79,6173.95,11529.89,1919.74,6134.9,candela,0.07
14,668.94,2774.83,262.54,7816.63,417.4,4507.7,5110.09,15041.84,3368.93,9554.53,endesa,0.18
14,2430.18,4274.1,1612.14,4334.99,856.27,3070.63,3095.02,7711.15,4864.54,5782.87,endesa,0.05
14,3497.44,4943.99,411.1,3052.14,347.61,1225.46,1654.36,12990.09,2755.41,4477.37,repsol,0.07
14,4233.95,4963.87,1932.76,9293.47,861.71,1075.33,12904.93,8693.23,4738.41,5125.16,candela,0.3
14,239.75,369.14,86.52,3016.28,474.02,2220.71,527.96,5286.09,2664.31,6755.22,repsol,0.12
14,863.02,1243.91,1023.77,2209.92,722.62,4233.94,931.21,5922.71,334.37,6567.71,endesa,0.08
14,3912.76,130.58,1231.76,8306.16,149.05,2727.86,13629.53,14935.55,4393.98,4581.22,repsol,0.25
14,4010.34,3662.53,1205.81,541.35,172.38,647.29,8080.49,19018.6,4550.99,1103.27,endesa,0.23
14,3487.59,1642.19,263.58,4254.57,676.75,1755.99,5405.79,6654.93,3639.38,3810.74,endesa,0.21
14,306.65,2571.78,300.35,7907.0,231.22,382.51,9683.61,12378.35,1848.59,860.69,naturgy,0.21
14,4316.38,1226.85,444.18,2400.32,281.52,3888.03,10993.44,12444.48,256.22,7513.21,endesa,0.17
14,1735.67,2165.31,1244.93,7210.78,86.66,4582.39,9203.05,19353.39,3356.36,8419.03,candela,0.11
14,2676.68,2813.02,1523.39,6654.84,949.62,257.93,13486.54,1027.81,1854.1,4182.33,naturgy,0.17
14,3440.24,3984.23,180.74,7232.55,368.92,321.15,3791.1,1287.63,380.61,6950.24,endesa,0.21
14,193.68,2596.42,640.48,545.62,505.55,4198.2,14830.65,6890.3,3884.22,6950.05,endesa,0.13
14,2724.44,2682.77,132.73,2012.87,114.36,289.26,4240.79,3814.18,1469.47,1726.66,repsol,0.15
15,1085.25,3517.36,1500.82,4453.1,885.3,2979.2,6741.21,17857.22,1058.69,6242.29,endesa,0.15
15,2088.03,169.98,1481.8,9134.08,69.6,2482.51,12603.8,19606.39,233.89,6723.53,pepenergy,0.15
15,4704.32,268.08,1397.56,5999.08,585.24,3056.95,3734.41,13377.63,3615.67,2956.35,naturgy,0.27
15,2429.03,3186.97,1750.56,7020.14,525.69,308.17,13421.39,8062.08,317.02,539.6,candela,0.23
15,865.67,3410.02,1939.96,3823.46,901.23,3473.02,14611.84,12495.61,4029.72,2834.91,endesa,0.29
15,2112.07,3435.89,314.87,8194.58,162.43,1525.62,6405.83,13098.53,1830.27,7958.82,endesa,0.26
15,4748.59,4239.75,1645.04,2594.81,421.05,719.66,10410.52,14355.12,1395.14,3756.31,endesa,0.18
15,949.77,3016.49,659.54,2796.2,557.82,2980.05,2902.65,5019.52,221.77,4888.2,naturgy,0.14
15,3103.36,989.61,154.04,4956.17,599.7,1095.84,11840.15,8659.59,4943.59,6663.75,endesa,0.2
15,388.66,1386.56,1849.83,9881.38,977.16,3604.57,4350.22,2168.97,3756.22,8530.6,endesa,0.12
15,2481.56,4714.64,482.19,7016.74,861.02,1207.64,13043.25,12421.36,4402.16,5073.62,endesa,0.28
15,1934.38,2783.9,668.04,1007.61,590.58,488.94,7908.52,18924.3,3058.85,6548.98,endesa,0.18
15,1038.62,248.85,308.54,7352.68,847.69,2838.46,13873.75,12417.96,1379.86,6976.39,endesa,0.11
15,4722.9,4410.22,282.03,9662.12,448.81,886.19,11761.62,16559.1,1675.73,4157.77,pepenergy,0.21
15,1389.0,1154.2,604.83,1417.87,290.66,4512.69,13077.09,5392.2,731.03,4012.55,repsol,0.06
15,2503.83,733.29,1960.72,2222.02,695.21,1337.59,10103.22,3195.18,4136.96,3357.44,candela,0.28
15,1967.87,2858.55,903.18,4425.42,215.33,3525.86,1177.62,12595.13,2564.2,1019.01,iberdrola,0.06
15,2328.84,4593.68,542.05,5956.35,464.39,2548.4,7346.93,19881.89,2439.55,5517.17,endesa,0.28
15,2396.18,682.78,1453.52,9460.62,325.09,1490.22,11146.85,1368.28,2156.64,3288.03,endesa,0.17
15,4265.33,4633.62,1966.45,1392.33,698.21,1128.72,10851.27,11179.01,3632.84,1491.31,pepenergy,0.1
16,506.1,2445.97,869.24,8568.55,754.18,1743.57,589.21,18403.88,3040.17,2239.47,candela,0.2
16,2822.1,3239.2,1347.04,5525.89,946.79,1376.22,954.72,3295.2,1012.77,4570.51,naturgy,0.06
16,237.22,3615.94,670.16,5835.7,951.56,2630.07,2539.06,18043.64,363.64,849.43,endesa,0.2
16,4236.6,2190.09,464.01,7372.92,295.8,2385.47,652.35,3059.81,3667.6,6189.13,candela,0.07
16,3368.92,4708.21,555.52,5456.62,602.38,4660.96,14861.87,3154.53,1587.4,5150.17,endesa,0.14
16,2352.17,913.83,346.76,9273.02,939.44,744.96,4566.8,4753.3,1532.8,5051.29,endesa,0.19
16,3899.89,4282.0,876.22,3384.21,193.75,769.67,13080.24,17867.1,4958.59,1033.26,repsol,0.11
16,3385.22,4820.52,1499.37,6582.86,995.58,4970.62,4835.39,11416.6,4252.68,4278.26,endesa,0.16
16,1275.09,1465.92,572.72,2282.88,156.32,386.93,1090.3,17178.6,133.12,3715.48,endesa,0.25
16,283.93,4802.76,462.59,2945.58,899.81,1668.75,14419.87,18828.87,1731.9,1881.8,pepenergy,0.16
16,1422.85,886.63,304.58,1828.28,55.04,3878.44,9206.05,5862.8,3132.27,9415.57,candela,0.14
16,3298.21,2681.28,240.01,1720.63,589.03,1771.11,10751.08,6658.49,4102.2,5433.26,iberdrola,0.1
16,1726.55,2150.06,1840.66,839.91,353.31,4894.4,11792.4,7971.49,710.25,7597.87,pepenergy,0.11
16,963.29,675.3,718.57,705.85,727.95,2521.2,6398.97,19115.61,1905.32,4836.58,pepenergy,0.13
16,1549.88,3183.86,993.05,2837.39,753.05,2160.27,7441.65,8825.0,4281.98,4787.52,candela,0.27
16,4246.95,1225.2,1725.8,6442.17,105.19,1876.88,13229.16,15922.32,415.65,2980.8,pepenergy,0.11
16,779.4,2724.31,1114.73,5279.14,928.93,2402.53,2034.87,5441.26,4402.91,3020.36,endesa,0.1
16,3822.65,1585.98,1255.92,9268.82,862.54,3062.14,13935.46,9599.37,662.64,9457.27,candela,0.29
16,1207.5,2268.9,997.76,2542.02,514.56,1519.85,7292.08,9393.46,3266.88,2998.34,endesa,0.13
16,1781.3,3536.7,1808.96,3823.84,75.39,4862.22,11854.15,7722.75,2408.7,5033.48,endesa,0.17
17,2177.54,2260.65,865.62,5345.31,852.65,4890.08,2665.49,17822.71,291.87,9840.94,endesa,0.14
17,3459.99,1629.01,898.82,7929.01,919.61,3007.36,4571.41,1743.15,2389.77,4768.07,endesa,0.14
17,1280.03,294.12,340.87,4496.73,870.73,2913.44,11604.85,14780.96,1299.25,9331.07,endesa,0.12
17,1154.34,3588.34,146.12,1188.7,158.21,3236.72,8452.99,7456.32,1895.35,4053.24,endesa,0.23
17,1941.55,2803.06,137.09,2563.2,172.32,700.06,3646.37,1884.81,2051.75,1334.2,candela,0.08
17,1675.34,1194.02,286.56,4727.67,188.4,2780.57,5747.32,3453.54,1275.11,3825.71,naturgy,0.11
17,4780.43,4316.83,1232.53,9851.98,867.49,2848.76,8403.84,2736.99,4931.46,3298.96,pepenergy,0.07
17,2366.42,2983.37,169.74,1065.3,698.93,3695.88,12922.36,2916.55,3091.8,5353.68,candela,0.1
17,1863.46,1426.91,187.47,1936.57,298.44,4669.86,3971.91,10332.11,3981.86,9462.51,candela,0.24
17,3494.07,1068.87,1232.16,6351.83,745.66,4677.61,8475.36,2169.11,3476.23,1316.13,candela,0.18
17,4400.83,4458.99,111.42,2345.77,459.36,968.75,7725.11,1371.48,1741.79,3171.04,endesa,0.18
17,2583.47,560.43,338.04,3370.74,555.69,679.81,11971.35,12131.8,3124.55,4695.31,endesa,0.2
17,784.94,1341.21,1042.02,2015.36,691.45,1934.24,8621.07,14166.42,1382.69,3546.89,endesa,0.1
17,3604.14,129.31,1059.91,4428.05,737.04,995.1,10035.33,7275.95,4929.06,6432.55,pepenergy,0.23
17,3130.06,1208.33,1166.26,1846.47,643.7,2135.89,2512.07,12025.95,3740.33,4529.71,endesa,0.14
17,4854.08,4465.11,1512.94,8388.27,496.63,3889.85,12940.42,11092.84,2269.36,8264.0,endesa,0.27
17,3970.73,2690.82,1889.17,8912.47,209.67,2726.14,7030.83,16654.57,769.81,8252.37,pepenergy,0.11
17,1875.05,3427.16,1177.79,8559.04,355.44,1747.4,7312.59,15536.96,2059.74,2097.37,endesa,0.24
17,1149.79,4067.61,827.82,526.91,943.43,727.61,2667.6,10939.48,4621.26,4907.53,endesa,0.06
17,1019.37,434.61,1419.46,3031.16,405.39,4076.32,7318.92,11984.11,2735.37,9171.51,naturgy,0.2
18,3139.52,2463.11,909.3,2873.36,21.73,4658.5,10930.56,13177.67,2348.52,1364.9,naturgy,0.19
18,1529.81,1972.86,1001.57,9313.26,744.66,1262.87,10169.79,18804.73,4654.86,9905.2,iberdrola,0.08
18,570.02,611.59,1963.54,5173.3,993.45,2078.89,735.08,15307.61,4224.81,5636.27,repsol,0.26
18,4542.37,4632.92,1942.96,818.61,725.27,3027.24,3136.68,18069.94,3997.22,7675.11,candela,0.22
18,3441.21,617.46,566.53,1212.8,394.96,376.22,6030.55,14106.38,3003.49,6934.47,endesa,0.12
18,3361.48,1675.53,1140.59,4209.01,466.16,2039.6,1624.5,4231.12,517.59,7547.73,pepenergy,0.06
18,117.21,4921.88,1265.07,4146.91,537.86,2805.78,12171.2,4514.56,472.31,8244.23,endesa,0.1
18,2045.02,4334.24,1069.09,5780.84,200.84,1246.48,13269.74,8306.07,4710.07,6954.98,naturgy,0.09
18,4405.91,2123.32,1537.94,3412.5,59.53,3177.41,4379.59,3183.37,3180.85,535.03,endesa,0.23
18,4715.95,501.58,258.64,1532.3,572.9,628.59,5117.97,16156.77,4361.13,642.25,endesa,0.26
18,1999.54,2683.56,467.53,3318.3,556.52,2511.21,3615.11,11705.59,171.89,9742.8,endesa,0.28
18,237.13,4330.86,1852.2,8520.28,726.75,1218.1,3700.38,5468.06,2909.48,8958.11,naturgy,0.25
18,4855.34,131.89,765.22,6997.69,704.77,2604.09,7022.96,2921.58,4881.72,1378.06,endesa,0.13
18,1816.31,1754.88,391.18,7949.77,540.99,2515.2,3957.56,13862.92,1514.29,3106.72,candela,0.05
18,325.18,2867.9,237.06,4904.1,131.15,1312.33,3696.09,13761.18,287.36,3097.86,endesa,0.23
18,1265.13,3986.45,811.57,5184.47,823.9,1129.18,6235.55,19214.0,3214.62,8557.5,endesa,0.12
18,1128.82,4717.45,1526.27,3973.6,736.02,4212.3,7814.14,2712.27,1911.01,4498.2,endesa,0.1
18,1398.28,244.76,1171.26,5212.94,945.84,4658.56,5242.84,19469.51,356.82,1526.96,endesa,0.17
18,2016.21,2413.87,835.9,1602.21,354.91,2968.96,1662.79,6231.13,2159.64,7307.43,candela,0.28
18,2941.55,3690.58,1573.84,7671.17,306.65,3484.7,11240.43,18153.19,420.43,1845.03,endesa,0.09
19,3998.99,1058.71,1994.9,7700.58,457.63,2703.12,12222.09,13205.76,1605.23,8084.02,iberdrola,0.23
19,2003.48,755.88,1188.38,1027.06,492.42,3952.98,14975.92,13308.27,3036.94,8844.9,pepenergy,0.2
19,4297.34,4482.26,1149.99,4541.58,449.29,1617.79,6981.95,6406.46,418.38,2619.35,pepenergy,0.11
19,4716.69,3173.47,1825.52,8876.14,677.37,2282.49,5934.03,15787.14,4526.97,558.42,iberdrola,0.17
19,3617.76,4529.7,1855.05,5464.87,150.81,372.53,8686.31,1374.06,1030.93,7375.47,naturgy,0.23
19,200.88,4145.26,1679.62,9136.1,412.29,664.26,13986.66,3662.77,183.25,3722.49,endesa,0.23
19,393.68,4441.78,276.44,4052.61,902.62,830.72,7060.8,12357.76,779.84,3793.76,naturgy,0.26
19,4217.29,4846.7,1882.15,6434.81,115.57,956.05,4352.23,7498.17,2979.77,2598.64,repsol,0.21
19,234.66,597.38,1775.6,9262.76,38.92,505.45,9265.93,19244.28,4741.29,8287.92,repsol,0.09
19,3573.88,3207.86,1489.24,1851.53,923.16,4730.67,7503.86,1205.34,1975.53,9578.74,repsol,0.13
19,2455.3,198.78,1697.49,4649.92,689.68,4176.77,4790.78,13548.47,353.31,5780.51,endesa,0.24
19,497.89,4887.44,1121.3,3377.38,623.36,850.03,844.06,17873.69,2441.12,9172.18,endesa,0.25
19,3185.3,4696.71,1276.56,1299.52,508.14,2958.0,10725.57,2490.24,2259.36,6833.16,endesa,0.08
19,1985.89,1857.03,575.61,5380.12,122.41,1824.96,5361.23,4900.75,3332.68,7800.16,endesa,0.28
19,1174.37,2979.23,1698.15,8848.13,942.9,2381.87,14043.63,14109.62,3307.74,7481.49,repsol,0.16
19,2585.96,3087.87,1703.75,7173.43,293.14,4513.49,9740.33,1943.25,1665.43,3470.06,naturgy,0.19
19,1727.21,3633.56,1016.52,1475.82,708.7,2094.86,9193.86,4534.33,915.77,9293.56,endesa,0.07
19,4953.23,4427.57,1253.66,5023.86,955.49,2081.92,14711.01,6177.65,3374.06,2900.34,endesa,0.06
19,1158.43,1061.09,1987.46,9586.48,265.61,4030.16,1230.6,15565.02,4637.65,1476.68,endesa,0.11
19,170.73,4514.45,381.42,9886.89,112.37,3608.15,2921.55,14910.85,4745.91,7306.17,endesa,0.08
20,186.25,1449.13,193.08,7852.4,224.6,972.55,14400.83,8486.02,3981.34,6023.22,endesa,0.14
20,426.73,1723.06,545.54,2762.63,67.64,2125.92,11805.57,19666.56,4016.86,1019.95,candela,0.18
20,4964.3,555.28,155.63,8408.84,452.11,4404.97,13974.39,11646.74,300.64,8093.95,iberdrola,0.13
20,2728.2,2381.76,1418.66,512.48,28.87,2386.85,3537.45,1291.19,599.42,5504.43,repsol,0.09
20,1457.33,1416.23,1754.14,3610.37,317.26,288.34,9799.39,1930.45,4499.18,9873.78,naturgy,0.17
20,1997.59,1077.53,1480.59,2754.33,901.37,4363.88,2155.06,19551.17,155.83,9494.99,pepenergy,0.07
20,4757.3,4134.67,694.11,796.41,183.89,1229.51,5371.13,7739.63,137.07,7070.94,naturgy,0.24
20,249.53,412.45,236.52,1805.1,437.46,4154.84,2669.99,14405.23,4362.36,2232.41,naturgy,0.1
20,3568.85,4260.55,284.31,7504.49,277.14,4844.48,5914.34,15528.56,2625.97,4266.92,endesa,0.05
20,1810.57,4846.94,1595.89,7474.87,704.72,1633.89,11915.99,7043.33,1426.19,8897.88,endesa,0.29
20,4531.04,3623.61,223.65,5095.71,141.35,3508.82,5581.07,4676.79,1794.92,4182.7,iberdrola,0.26
20,3923.84,2645.51,884.13,6793.19,115.5,3548.84,2458.28,12923.63,4450.53,7830.27,endesa,0.19
20,4571.23,3013.89,1755.09,1518.59,679.47,602.54,9566.91,3489.19,1555.32,9667.53,pepenergy,0.05
20,293.22,2912.78,833.21,5794.6,193.16,2911.33,2993.56,15493.35,2539.88,5470.45,pepenergy,0.08
20,4180.88,2127.84,497.87,580.27,186.17,1388.53,506.52,7976.29,4365.51,1566.54,endesa,0.15
20,3986.42,4798.68,371.9,5981.18,642.35,3602.19,1648.44,1543.22,686.18,9954.46,naturgy,0.3
20,977.08,509.2,308.35,4951.74,83.12,1095.95,2850.33,9786.25,432.36,9236.86,pepenergy,0.06
20,622.07,707.56,1005.89,7334.85,685.77,1146.82,10510.6,18640.52,1775.41,6834.28,pepenergy,0.15
20,2440.08,4255.54,1624.42,4651.24,960.49,2530.13,7595.6,18582.13,2641.23,5983.81,endesa,0.1
20,3173.69,1685.72,586.09,2678.99,195.2,2668.92,2891.0,14143.28,3693.84,9004.56,endesa,0.29
21,4574.34,4056.17,527.58,1939.01,948.87,1361.67,13052.17,17368.25,1042.18,1678.31,pepenergy,0.07
21,3026.32,1941.67,1690.07,3524.54,403.63,4134.1,10072.23,3325.24,4170.23,7325.2,endesa,0.13
21,1913.41,2203.79,733.02,8202.45,582.01,4402.5,6662.5,13127.55,1688.71,7786.71,endesa,0.17
21,4342.16,2831.81,868.41,3618.54,879.42,1461.34,14695.46,18354.48,1189.09,8795.51,repsol,0.29
21,1538.9,2364.69,1054.58,6146.0,102.76,4553.84,13681.38,2878.73,1137.59,8948.73,endesa,0.27
21,3851.35,2880.56,77.92,9197.08,330.48,3312.24,1379.39,2765.57,2267.19,3362.52,pepenergy,0.2
21,915.53,1109.41,254.64,2030.81,520.08,2548.12,5304.9,2770.97,913.29,3152.01,endesa,0.1
21,3132.75,3207.22,268.03,1452.96,295.53,2093.38,10320.25,14667.4,372.74,6215.74,naturgy,0.06
21,2112.73,4802.71,196.32,3183.62,230.02,3365.33,8194.38,6909.84,1401.76,3969.16,endesa,0.14
21,3401.73,3314.72,917.53,7182.81,540.68,2198.88,12301.8,18497.16,138.97,3662.02,candela,0.12
21,2763.88,2166.59,1961.24,5861.08,959.45,4110.8,2325.03,17304.15,1559.03,1420.27,naturgy,0.07
21,4278.29,4864.45,1923.47,5102.89,560.69,2523.68,8215.42,18852.71,4470.11,3169.23,naturgy,0.09
21,2022.4,4383.23,995.12,6775.71,89.98,1670.44,8351.08,5820.45,2138.6,9338.91,pepenergy,0.21
21,4020.87,4935.0,667.12,4390.87,530.65,2052.4,8467.55,11576.85,4994.03,8648.72,pepenergy,0.26
21,125.53,4087.13,1576.0,6034.37,101.54,3564.33,8623.5,15276.6,633.09,6672.05,endesa,0.08
21,2974.04,4580.59,627.03,6691.71,975.44,3173.13,8085.85,10734.39,4975.33,1089.0,repsol,0.1
21,3476.89,480.96,1725.87,5990.91,363.55,3805.49,7207.5,13751.28,2710.68,1519.47,naturgy,0.11
21,3834.1,2253.24,390.01,5510.43,685.14,4257.7,13495.49,9276.15,3435.03,2026.03,naturgy,0.24
21,2868.92,1936.46,228.7,4947.47,175.97,1075.4,12682.6,16413.12,3514.44,1313.8,iberdrola,0.1
21,1771.55,1329.62,1753.36,1667.08,734.3,3909.66,11047.98,4042.93,4760.67,4198.15,endesa,0.29
22,2304.29,4154.41,1956.5,9349.68,373.5,501.99,13644.19,18144.5,2309.51,9689.48,endesa,0.13
22,480.56,377.68,445.43,4835.38,727.49,4682.9,826.31,14126.52,1717.75,544.5,endesa,0.24
22,3482.59,2495.2,1350.87,8175.51,303.18,2493.42,6691.6,3915.9,856.4,6203.5,pepenergy,0.12
22,4964.58,4358.51,573.94,619.25,94.2,763.35,12436.85,11784.59,316.32,8085.53,endesa,0.06
22,4710.21,2898.32,1830.09,2034.92,287.84,3626.87,13891.07,12814.02,1022.34,518.64,endesa,0.24
22,2024.84,3524.27,94.57,8507.66,640.49,1070.55,1459.27,19979.58,2355.67,2029.69,iberdrola,0.13
22,2373.51,911.17,884.65,7370.29,759.72,1073.73,8172.54,14380.69,4513.85,5132.71,endesa,0.25
22,773.99,1167.12,1686.42,6592.56,139.44,4869.68,3899.19,8977.57,789.54,3916.22,endesa,0.22
22,1034.93,723.93,1093.81,5232.52,174.27,1049.42,767.39,12609.84,114.7,5992.01,candela,0.2
22,4458.92,394.88,290.56,4616.57,314.62,4460.51,12876.66,17954.3,2480.0,650.23,endesa,0.23
22,2507.41,864.81,669.92,8828.8,471.98,3942.28,10576.65,8160.52,3848.22,8149.94,repsol,0.18
22,4692.5,3159.94,1176.77,8130.38,260.04,2372.48,9877.73,11992.5,2138.27,6303.52,naturgy,0.08
22,3729.6,1658.66,1199.95,7241.5,479.39,865.89,12245.1,18493.92,440.55,9282.61,iberdrola,0.28
22,3356.11,4033.23,1198.08,1941.7,924.87,3438.16,4876.31,1779.7,1449.75,8748.58,pepenergy,0.12
22,2941.11,4812.27,1495.09,5280.47,450.57,1668.86,2710.45,17563.78,482.44,2682.28,repsol,0.22
22,1088.89,4145.82,606.91,5300.29,159.69,2802.71,5142.03,3654.35,3297.04,2025.43,endesa,0.23
22,2369.99,2438.41,1344.75,8148.21,686.28,4265.41,2109.81,10043.71,2258.08,2293.1,endesa,0.06
22,4905.04,233.1,906.88,6861.27,782.73,2970.56,7050.81,11958.34,3158.0,7743.1,naturgy,0.22
22,1333.41,749.17,1961.49,570.06,903.21,2327.51,2504.09,3715.36,3381.18,6313.84,endesa,0.29
22,131.92,197.02,1831.52,2018.7,289.63,2641.95,5778.14,9970.8,391.84,2860.14,endesa,0.09
23,1486.96,2145.92,1814.97,3498.31,482.14,720.33,6433.4,15025.54,2945.12,5627.11,endesa,0.1
23,2742.28,3716.15,1383.61,4844.32,902.44,1628.45,5998.77,9319.32,4715.84,3812.18,endesa,0.26
23,904.1,1360.38,974.5,2418.09,722.63,4825.46,12559.94,14038.91,2762.1,5782.11,candela,0.18
23,2915.06,1836.42,410.95,8980.1,690.63,604.08,12378.48,14066.22,2788.07,1620.39,endesa,0.11
23,3899.63,4066.39,1800.36,5253.75,288.81,4329.55,6660.42,2892.45,351.18,4544.07,pepenergy,0.26
23,3811.98,1985.94,991.52,9182.06,619.16,439.16,1826.42,14889.58,1172.78,702.43,naturgy,0.18
23,978.32,1148.49,1809.29,5982.07,360.51,411.8,10321.8,5098.56,1258.73,5186.61,endesa,0.24
23,3816.36,3799.4,646.32,9761.81,559.27,1645.82,11622.36,16176.13,297.82,646.74,iberdrola,0.2
23,410.2,3997.59,1704.83,8056.64,906.87,3598.02,2690.73,2465.33,2388.1,6951.23,iberdrola,0.08
23,2478.88,3884.73,1885.46,8576.72,759.91,1947.19,4090.22,9132.73,1549.67,8031.05,repsol,0.18
23,3409.81,2470.0,615.12,2692.57,542.31,3724.9,2605.29,11625.92,4837.31,6134.53,endesa,0.25
23,2198.75,4356.48,924.15,4605.46,267.49,2986.74,4117.07,4094.29,3342.09,1281.25,repsol,0.1
23,809.59,746.35,987.75,5282.82,322.58,548.02,5468.07,15011.61,2971.72,1050.75,endesa,0.13
23,3989.86,2587.14,784.37,5786.61,642.38,2070.79,2534.93,15214.9,877.83,7973.19,endesa,0.15
23,1596.31,4876.49,59.44,3034.98,649.24,3966.21,9350.38,9511.63,2104.62,4809.83,repsol,0.08
23,448.95,1415.33,1622.95,8694.81,858.63,4070.1,2488.86,10718.36,2663.43,4763.99,naturgy,0.23
23,1645.56,843.66,1121.9,7126.77,25.32,3104.59,8326.57,15582.45,1223.64,8372.14,repsol,0.05
23,4263.32,728.35,1697.7,7732.31,803.75,1854.13,11755.38,14911.14,1532.16,5034.77,pepenergy,0.19
23,4294.31,3882.3,607.74,7654.79,374.55,3633.0,5123.18,13852.61,552.37,5004.38,iberdrola,0.25
23,2708.83,3286.14,1196.97,3633.55,295.15,572.97,12922.81,19342.46,3859.06,1615.68,endesa,0.16
24,2584.39,3650.73,1837.66,6142.3,737.14,1458.01,2293.53,10864.92,3621.43,3037.26,endesa,0.12
24,4012.54,3340.63,1734.37,9038.73,579.19,342.56,2674.91,18590.58,4750.95,2974.55,repsol,0.07
24,1589.9,4303.9,1315.83,5174.48,847.3,1431.77,11265.1,13195.1,4064.17,763.24,repsol,0.23
24,2942.65,1909.77,1404.72,1876.45,292.52,4989.71,4834.68,6609.44,2992.46,9259.55,endesa,0.22
24,4378.46,3410.39,251.59,7352.29,245.63,3530.99,3736.16,18276.99,3579.56,7075.56,endesa,0.07
24,3706.38,4703.32,1887.34,2319.24,643.92,2862.8,1563.77,6490.38,3360.28,3140.32,endesa,0.14
24,4364.6,1330.13,1342.01,5540.83,223.15,4921.5,8344.61,19598.68,4545.65,2018.44,endesa,0.21
24,4448.86,2610.1,1042.09,4167.4,784.73,1424.04,3185.24,11612.54,2046.89,5800.87,endesa,0.14
24,2931.4,4872.68,1949.58,6861.09,209.09,1478.52,1719.91,14779.09,2223.09,3105.57,endesa,0.24
24,3812.33,1811.89,1103.13,2461.54,704.46,4230.64,8123.33,3224.64,3036.44,2899.09,endesa,0.25
24,2950.96,742.35,911.9,3963.82,599.33,1411.92,1225.25,3917.47,1103.42,8405.98,endesa,0.19
24,2372.78,3165.88,1326.39,5383.24,745.21,1244.62,11544.66,18997.96,1634.45,9663.89,pepenergy,0.06
24,2202.69,4218.31,971.08,8346.83,407.42,2624.85,5915.47,14670.45,3804.43,2283.81,repsol,0.19
24,1815.35,3353.35,645.63,9597.7,508.09,1961.07,4409.39,5584.54,3545.63,5815.73,endesa,0.13
24,4879.93,4280.95,1230.29,1365.89,634.44,2687.79,5498.86,12636.83,2137.41,2650.22,candela,0.11
24,2988.97,3135.99,110.7,9960.4,961.29,627.33,12520.47,16240.65,3417.38,4493.36,naturgy,0.29
24,2311.56,212.51,217.03,6716.82,86.01,2759.55,11677.05,17414.12,1412.17,8554.92,naturgy,0.26
24,872.21,2232.0,630.96,7720.1,927.01,3754.82,10012.74,1421.66,1301.38,3284.07,repsol,0.07
24,4423.76,718.69,1674.23,3997.15,610.18,380.26,8189.21,1829.0,3160.89,6599.74,iberdrola,0.23
24,742.07,1584.95,1990.71,586.4,551.55,4601.87,11989.99,10624.24,3122.32,9805.69,endesa,0.14
25,1928.57,2860.9,472.71,8752.91,69.37,1326.6,13988.5,15825.33,407.41,971.7,endesa,0.07
25,143.28,3204.58,255.16,7892.29,613.87,2540.45,12549.55,10585.42,109.21,2716.74,endesa,0.12
25,341.07,3285.82,309.73,9674.98,383.09,1622.67,6868.73,3681.79,3993.25,1436.77,endesa,0.15
25,1257.02,2069.07,1602.66,7702.67,720.2,310.46,6202.8,5825.43,3331.37,6070.12,candela,0.05
25,3579.95,2478.87,1161.64,3794.43,774.33,3275.85,8119.46,3975.38,3712.12,8291.89,endesa,0.08
25,819.98,1005.49,1585.08,5602.08,636.67,4689.92,2846.13,19497.97,1543.7,2588.58,pepenergy,0.1
25,3290.61,1068.62,1767.72,7801.98,294.27,4085.06,10527.83,7131.78,760.14,6588.28,candela,0.09
25,711.23,3735.0,1263.57,9487.42,477.57,4333.52,3536.98,10480.78,846.17,8651.18,naturgy,0.05
25,1118.46,4209.07,1496.99,2232.43,968.32,2591.68,1053.46,19761.47,633.96,5202.39,naturgy,0.05
25,2544.43,2856.16,1508.8,8893.93,505.26,2009.05,4052.26,5857.34,562.37,2048.75,repsol,0.21
25,1703.43,4434.3,1330.2,7737.02,403.74,525.18,7237.82,9497.94,3831.8,2814.72,pepenergy,0.05
25,2145.7,575.48,375.72,4158.35,378.45,2750.59,1579.33,1249.0,3199.2,942.3,endesa,0.16
25,717.77,3155.68,1495.37,5256.34,201.53,3175.06,968.04,4005.62,4970.42,3459.67,endesa,0.21
25,4847.77,132.51,1357.88,2187.27,310.89,563.6,7690.74,13138.48,4829.8,2790.75,endesa,0.15
25,2443.01,501.59,1396.17,3881.35,583.21,1775.89,10091.58,11298.97,135.42,8102.97,candela,0.21
25,2408.18,4876.24,1489.35,1728.91,693.58,1265.86,10564.14,16385.94,3713.01,6339.61,endesa,0.23
25,2195.88,3384.86,1162.04,9150.12,72.58,1571.94,5066.76,8133.91,4522.7,4849.67,naturgy,0.3
25,1408.43,874.57,1791.27,2945.73,83.05,4215.2,6502.9,6828.81,1824.95,3672.61,endesa,0.12
25,3690.34,1657.21,399.89,2049.11,610.62,4817.0,6365.41,11476.09,3483.47,7025.33,iberdrola,0.22
25,3735.33,4089.5,1712.22,3290.22,21.43,2399.97,12374.45,14129.48,287.36,9485.71,naturgy,0.13
26,902.33,322.87,493.65,7081.84,32.9,4142.37,11754.24,11496.59,606.41,8858.91,naturgy,0.11
26,342.05,4618.58,230.0,5867.05,809.74,1543.25,10648.98,18118.38,2280.44,7873.65,endesa,0.11
26,3842.41,2338.23,675.74,2232.89,105.61,1606.13,3977.05,12052.75,522.56,8565.2,endesa,0.16
26,4978.13,1756.97,1188.19,8237.12,753.17,3467.76,14073.16,8097.46,643.35,2665.22,endesa,0.21
26,2456.17,854.43,1202.1,4230.0,137.96,3875.52,2396.98,3476.84,2747.75,6257.35,endesa,0.28
26,4851.24,2724.11,545.62,2568.2,144.58,3401.55,12997.77,7748.12,2568.28,1473.1,endesa,0.08
26,3606.23,1729.99,262.97,1659.04,644.56,1744.0,13503.87,8726.12,2049.03,6442.45,candela,0.23
26,2797.27,3811.55,546.87,7953.83,510.26,3699.45,5442.98,9447.89,250.1,969.75,naturgy,0.29
26,717.23,3657.0,440.38,2449.44,542.22,2824.31,12218.12,18675.38,4318.49,5595.35,repsol,0.17
26,4808.5,3065.58,402.54,6558.56,259.93,344.84,14679.09,5234.47,2541.48,4422.71,pepenergy,0.06
26,1898.52,2833.75,562.28,8150.8,972.54,756.09,11844.3,7496.34,2285.84,3307.4,pepenergy,0.15
26,1296.6,3172.6,1686.07,3710.51,710.38,431.99,5215.78,4807.12,948.93,971.56,endesa,0.1
26,1479.46,1563.03,1253.01,7013.53,937.24,3260.39,10101.42,14902.47,1487.52,5751.12,candela,0.25
26,2275.11,3218.21,308.63,3800.93,667.45,4628.63,10676.39,2760.67,445.69,4077.91,candela,0.21
26,3591.15,888.56,96.6,9861.75,711.54,232.64,3962.69,4465.94,1761.95,6847.18,endesa,0.21
26,983.57,2125.11,1185.58,7247.52,801.28,1155.18,8108.22,16588.58,4170.01,8819.73,endesa,0.28
26,4396.85,821.7,1741.84,6082.46,31.32,4132.68,14735.13,11163.92,4717.58,3620.93,candela,0.1
26,2854.44,2892.65,1899.76,5970.78,143.25,4170.1,4062.76,1849.7,4228.45,7062.35,endesa,0.22
26,1521.58,1418.4,1760.72,9448.1,279.94,4479.11,6397.84,17407.13,2762.76,3808.9,endesa,0.28
26,3379.38,1087.75,334.4,9308.42,113.6,4671.95,2929.36,16374.82,2746.17,6520.9,endesa,0.12
27,4313.56,4586.96,307.66,4636.93,811.11,3757.42,3928.93,6320.21,243.56,1375.76,endesa,0.16
27,726.08,2626.23,375.5,7755.02,744.25,1725.93,7065.81,2950.07,4585.28,5474.19,endesa,0.15
27,4482.23,4820.55,1701.2,3922.59,112.0,4527.28,1565.42,19215.78,1073.44,8685.6,repsol,0.06
27,2488.69,3510.17,535.37,6115.13,792.25,3929.06,6789.91,7109.32,2332.79,3485.29,naturgy,0.16
27,1232.85,461.43,1782.02,8129.12,443.41,4528.32,9141.74,15807.39,1373.36,6129.42,candela,0.06
27,878.05,4924.62,1291.92,2400.14,949.39,2089.79,2699.33,14286.03,4502.85,4796.4,endesa,0.29
27,2560.84,2173.12,1423.23,4555.2,299.72,628.01,8080.5,13068.74,1253.25,4218.67,pepenergy,0.14
27,4795.92,3320.63,1026.44,621.27,491.6,1183.59,8214.22,18334.4,3623.38,8698.21,repsol,0.08
27,3521.31,855.47,328.25,609.25,896.46,1758.84,1578.99,2359.23,168.76,2749.43,endesa,0.26
27,4705.37,1203.21,1456.93,5550.19,522.53,4450.56,7882.92,18538.69,3104.93,4414.77,repsol,0.12
27,4855.49,483.63,232.6,9777.16,982.6,1928.97,7900.49,9002.72,1932.66,9233.28,pepenergy,0.27
27,940.12,2498.78,1549.69,7532.9,806.43,1181.35,3833.27,7704.64,4463.12,1932.78,endesa,0.18
27,3719.11,1217.96,1867.03,3398.27,269.84,3004.1,9881.39,18576.47,3574.79,4473.69,endesa,0.14
27,575.87,1777.18,285.2,7526.09,808.26,343.76,2972.94,8828.84,4670.36,750.75,endesa,0.11
27,3487.32,2109.82,1744.87,6261.3,905.36,2755.55,4437.94,13667.66,431.94,3635.21,endesa,0.28
27,1060.22,2993.26,1576.16,5572.15,148.14,275.52,7264.83,6650.64,4372.29,6604.26,naturgy,0.17
27,3472.58,1829.33,718.56,2526.35,531.01,3419.67,3763.17,8988.87,779.59,7646.31,endesa,0.18
27,3622.55,2813.54,1636.59,1125.05,532.5,2733.34,3791.52,8029.76,161.56,6234.69,repsol,0.21
27,284.64,677.78,746.67,5952.6,705.35,4380.34,6335.48,7379.22,2732.78,9920.79,candela,0.28
27,2772.31,2859.95,895.53,798.17,624.02,647.15,13199.7,17491.27,479.37,8812.1,candela,0.05
28,1968.73,2788.31,1204.67,4713.22,297.58,3563.0,11894.11,15031.64,2308.68,4872.11,endesa,0.3
28,1570.69,3507.95,308.99,9186.0,391.99,1739.43,12534.79,14573.8,2229.05,1223.01,iberdrola,0.28
28,3066.29,1789.09,1684.15,7495.74,241.68,2513.39,6035.14,2780.85,3476.68,3521.24,naturgy,0.22
28,509.69,121.42,1600.76,6537.52,839.19,1173.5,7118.39,9250.48,4500.66,3758.13,repsol,0.26
28,4215.56,4191.41,1886.62,8340.92,497.91,4702.27,8866.15,17956.57,4618.25,860.5,endesa,0.16
28,603.16,4190.85,1068.03,6538.52,447.35,4648.9,9275.79,17186.33,4182.09,3151.26,candela,0.27
28,1789.84,771.8,1650.59,4006.49,85.59,202.61,12147.62,14770.6,785.79,8792.54,iberdrola,0.18
28,2860.7,1370.03,689.47,7855.17,960.75,3912.71,6939.49,17176.1,2508.57,1461.3,endesa,0.26
28,4652.84,291.06,1013.59,6443.14,979.05,4672.47,10079.02,18342.35,1895.24,6801.51,pepenergy,0.15
28,1286.72,2046.69,1912.57,8416.13,217.74,3969.88,10846.61,13993.15,831.59,3244.87,endesa,0.08
28,2599.83,4651.18,495.91,4958.4,674.31,914.51,4655.65,14894.87,2425.12,1238.1,endesa,0.13
28,4811.77,385.64,1868.02,4030.75,401.7,4483.11,4989.54,15752.6,960.88,508.76,iberdrola,0.14
28,555.56,2024.41,641.23,9960.29,590.58,4037.5,7913.39,13375.55,2246.35,5187.86,repsol,0.26
28,106.53,1110.22,217.32,6931.45,192.03,3416.64,13439.91,3920.08,3263.26,944.56,candela,0.12
28,1933.74,956.26,1896.17,4083.53,578.09,1444.75,14253.62,7194.24,3511.09,8876.44,endesa,0.08
28,1374.19,1338.69,1615.84,3460.34,667.82,472.11,10357.97,10788.65,3057.46,5502.77,iberdrola,0.2
28,2072.99,2366.18,1971.54,6628.06,565.02,4496.58,9226.62,9420.72,4682.36,2164.04,naturgy,0.26
28,4945.14,1024.13,729.98,8145.8,569.81,3114.48,2411.71,9883.99,562.06,7228.93,iberdrola,0.09
28,4408.21,722.92,919.77,5835.34,727.11,1394.25,4597.75,4266.64,717.41,3301.48,iberdrola,0.23
28,4476.29,832.37,1206.47,6296.06,206.65,3564.91,11058.6,2783.78,1569.38,1590.56,endesa,0.07
29,380.61,3764.84,1182.92,5541.9,558.58,2106.54,11739.13,7663.68,1442.27,3771.62,endesa,0.17
29,4868.24,3613.69,327.81,9443.17,247.81,674.5,14056.53,13550.34,2095.05,1081.58,repsol,0.05
29,876.46,3674.72,764.67,5601.79,484.56,4829.33,8312.78,11996.16,4602.31,2522.07,repsol,0.13
29,1139.43,2828.65,1602.83,1442.87,602.78,1680.29,9119.89,12529.79,2475.49,3109.88,endesa,0.18
29,2845.37,826.91,403.7,982.7,868.0,1827.63,11722.21,14418.6,269.11,1278.5,candela,0.15
29,2089.6,1379.14,548.6,3373.76,752.64,608.95,10240.65,12222.66,2864.46,7403.25,endesa,0.24
29,4629.87,333.23,1693.38,9677.38,765.21,1062.32,14522.76,13772.26,3163.02,6039.24,pepenergy,0.23
29,3083.68,4037.78,923.93,9468.61,892.64,1849.72,13264.38,1648.76,1440.53,6443.28,naturgy,0.16
29,2972.92,2943.64,128.4,6018.07,789.32,454.41,1552.26,10937.96,4178.25,7056.86,iberdrola,0.29
29,2592.7,4054.98,604.55,1208.14,901.39,3158.3,4153.59,10372.44,2335.12,7449.86,endesa,0.12
29,4568.5,4442.26,1810.58,6194.63,106.41,3607.34,1369.81,15915.99,2942.92,1807.17,endesa,0.09
29,4012.24,873.74,1525.38,8543.77,515.67,3095.97,10366.96,9539.21,4209.45,4112.9,endesa,0.07
29,3108.99,192.44,1756.69,8769.87,42.58,3402.41,1248.18,13736.03,254.21,9834.42,endesa,0.2
29,3219.01,351.1,1550.42,6847.71,211.2,1080.97,7408.03,9175.2,1099.67,6141.52,endesa,0.28
29,3292.32,1912.56,230.21,1488.44,94.32,2628.98,13894.78,13039.93,546.83,1587.16,candela,0.26
29,3864.04,1175.76,1322.86,2672.68,276.11,1381.86,10915.98,4564.11,627.14,7751.13,endesa,0.15
29,1441.7,2986.49,1424.15,2590.26,217.68,4789.16,8423.8,7143.26,1771.07,2076.46,endesa,0.07
29,1397.93,3820.8,650.93,5109.11,616.66,4833.09,7878.35,16113.9,3904.79,8157.85,naturgy,0.06
29,4111.42,1467.0,520.89,1460.14,122.64,1096.3,7499.2,7765.49,4274.35,1707.42,pepenergy,0.11
29,4985.05,2768.17,200.66,8093.37,779.78,2914.86,11729.28,6077.04,654.78,6456.25,endesa,0.19
30,2384.29,4390.03,507.35,1055.4,381.38,3221.92,6039.82,1919.64,2068.19,8622.52,endesa,0.06
30,3369.09,796.48,1072.04,7177.62,34.86,4036.8,7097.75,14059.88,4347.65,3642.42,repsol,0.18
30,135.95,1418.38,1554.78,5687.7,362.55,2738.45,5934.03,17422.6,1258.66,3183.52,pepenergy,0.09
30,258.04,815.81,1870.44,604.41,802.99,3474.66,7587.29,18268.98,3969.94,828.25,repsol,0.28
30,4095.44,181.39,1112.93,1400.46,320.24,452.27,3364.38,3674.3,3023.13,3531.09,candela,0.17
30,2028.39,2056.19,570.11,9331.04,643.37,1850.33,3556.78,8125.27,4569.72,2815.08,repsol,0.26
30,359.47,3954.55,106.58,9923.47,634.91,588.17,8474.01,10208.41,268.73,6478.12,candela,0.27
30,1338.61,2674.38,1104.02,731.21,940.11,297.55,4645.61,14308.09,1409.48,1993.27,endesa,0.22
30,1900.28,3996.39,533.21,3687.11,873.56,4635.29,2716.76,19901.32,1808.62,8623.06,repsol,0.1
30,745.89,4515.82,1366.23,3202.1,684.85,2877.76,11680.37,8837.73,4521.34,3629.69,pepenergy,0.26
30,3103.4,1344.5,462.14,7995.94,30.44,2078.87,12188.59,2146.39,1090.37,1451.71,endesa,0.09
30,4369.09,1506.11,949.31,1583.53,473.58,2016.76,5213.39,2749.0,1298.34,9103.92,repsol,0.1
30,1261.82,230.9,1345.46,1366.01,711.72,1848.22,1920.73,10243.33,4394.66,5294.01,repsol,0.11
30,2307.95,781.13,541.56,5729.19,28.61,324.78,1442.34,6631.45,2332.52,2209.79,pepenergy,0.23
30,2150.99,1085.74,1651.33,4112.26,782.19,2673.67,10136.81,7234.82,759.4,6401.96,candela,0.26
30,2551.54,1087.79,227.25,7723.48,655.7,1710.59,12216.1,16656.86,1936.73,1260.98,repsol,0.26
30,878.85,4558.91,241.15,3363.72,84.78,4051.32,3057.56,13926.61,4730.53,3112.53,endesa,0.29
30,2246.58,1760.61,286.66,605.12,310.18,2327.74,13790.89,14561.84,4125.35,9556.17,iberdrola,0.17
30,1512.2,317.32,62.39,3196.94,517.38,3884.28,14247.34,3110.26,952.75,680.37,endesa,0.05
30,3969.08,4610.27,1538.33,8121.23,843.2,2089.12,11652.29,1600.01,3762.56,7577.29,repsol,0.25
31,563.06,1554.13,1837.24,7409.41,595.13,589.62,9172.86,16699.0,1233.24,7201.22,endesa,0.2
31,479.11,2058.75,574.87,1720.36,794.37,3293.44,4973.25,19111.57,3136.79,3928.6,endesa,0.15
31,635.87,2734.79,122.25,6824.49,990.91,280.85,4230.34,14385.95,3402.79,1913.93,pepenergy,0.11
31,3390.35,1930.22,1782.65,8933.65,791.66,1513.61,3173.76,17793.01,3258.67,2885.34,endesa,0.06
31,1245.81,3528.55,1372.64,8211.6,482.11,1646.52,1552.52,13040.73,1640.73,5117.23,repsol,0.12
31,1078.34,3680.19,1770.74,7857.02,248.48,1109.35,5391.97,7289.89,1803.73,9931.69,endesa,0.24
31,779.7,3476.98,1618.3,6131.3,106.45,331.72,8925.51,8304.04,4928.77,6321.72,endesa,0.21
31,2767.26,3731.66,1827.59,5861.38,960.79,3601.51,13229.72,14839.96,4046.88,8130.13,endesa,0.23
31,2236.29,4803.01,1145.96,1581.95,593.18,4686.99,2137.12,1070.76,4836.68,6475.35,naturgy,0.09
31,3117.31,2208.22,1791.28,5963.3,494.59,884.39,11157.92,7622.61,3306.03,7673.88,pepenergy,0.19
31,2936.6,666.14,1776.22,4475.52,102.5,3813.81,4736.37,4993.55,3665.96,8796.98,endesa,0.29
31,2121.86,639.67,721.16,9968.33,179.17,4359.15,6976.09,8974.48,496.11,4966.34,pepenergy,0.18
31,716.75,2275.05,898.27,9854.32,692.07,4405.74,4823.02,15118.23,1133.49,1105.91,candela,0.29
31,3187.93,3056.27,961.95,3896.76,735.68,4615.52,3949.3,11012.29,1666.72,6659.77,endesa,0.2
31,3430.11,1598.96,1112.14,3279.43,266.97,974.9,7309.62,17736.87,2811.34,6532.48,endesa,0.22
31,207.72,4034.68,1478.29,4885.47,554.42,2357.54,12112.15,15869.7,3419.84,6966.83,pepenergy,0.11
31,379.68,495.57,978.26,2932.26,299.91,1106.67,14127.91,4606.68,662.11,6282.92,naturgy,0.11
31,2681.07,1093.9,1739.12,6690.96,674.9,2519.09,1693.28,5655.69,3678.03,2995.03,endesa,0.13
31,2181.25,533.54,1628.84,1937.47,390.93,2839.71,9372.92,1657.87,1230.42,9804.42,endesa,0.13
31,1399.73,1837.14,558.74,5437.77,495.88,2375.37,12781.4,17409.41,2503.69,2975.33,endesa,0.28
32,3726.07,2999.14,1828.58,5833.52,341.32,1157.75,14559.56,1842.04,4202.45,967.09,pepenergy,0.15
32,3258.83,1172.38,406.36,6038.62,972.19,3154.01,5536.6,18916.74,3842.65,5807.23,endesa,0.07
32,1641.66,3752.8,1542.18,5287.3,679.59,1505.79,10910.24,16829.64,4173.5,7598.51,endesa,0.12
32,1129.37,3066.88,812.76,1773.81,427.43,2442.4,5254.06,4913.69,1451.75,7496.41,endesa,0.07
32,4239.68,4754.64,819.18,6865.61,260.75,305.42,7053.42,2584.73,1038.65,6624.61,naturgy,0.06
32,1174.71,1051.52,65.04,1267.55,968.77,1585.73,8290.01,10831.31,3512.29,1227.0,repsol,0.28
32,647.09,2840.04,1227.7,9476.68,754.13,3881.03,7350.68,5301.0,1726.02,3274.99,repsol,0.1
32,1725.09,1834.56,740.57,8681.35,385.74,4849.95,3715.85,15485.35,4441.37,5546.89,pepenergy,0.2
32,1235.47,1314.2,321.55,4530.53,363.23,3465.97,13773.81,8977.11,4145.27,4024.86,endesa,0.06
32,4542.59,2520.21,452.27,1717.03,589.59,4152.67,2219.0,2996.3,218.04,4739.45,endesa,0.3
32,3566.27,4315.3,493.94,564.72,383.17,2852.32,3248.5,5366.35,1316.33,6378.58,pepenergy,0.25
32,558.56,4589.09,630.78,1143.55,583.53,3220.32,4538.13,11500.75,1502.39,7472.69,candela,0.09
32,146.4,1654.8,1785.56,5578.17,79.89,499.78,7211.08,14321.82,2290.89,7352.4,repsol,0.17
32,3949.7,4054.71,974.37,7597.44,905.68,1923.29,1034.63,11487.81,1342.65,7745.28,pepenergy,0.09
32,1236.46,1542.57,1588.73,5014.42,982.26,3001.39,1333.04,19512.85,3337.62,9910.74,endesa,0.28
32,2615.84,3338.33,449.47,951.07,689.34,3260.58,12774.25,18505.17,4862.11,9841.89,iberdrola,0.07
32,3652.57,2499.83,1837.15,1814.69,301.26,3834.78,4970.92,6195.82,4814.24,3404.24,pepenergy,0.22
32,1494.59,1193.21,1190.12,2538.11,176.61,1615.35,3057.71,18710.2,1906.7,850.46,endesa,0.07
32,4150.43,4549.4,425.93,6280.8,472.76,2791.0,2169.15,13427.26,4803.18,9026.09,naturgy,0.21
32,2851.08,4229.66,1501.62,9103.53,897.94,3854.82,10024.64,12167.33,4026.69,8015.28,endesa,0.3
33,3923.3,2062.89,327.73,2742.49,112.13,2012.58,3857.39,5681.99,4308.92,2964.64,endesa,0.17
33,4712.78,915.82,1775.41,2711.97,392.5,1370.48,11259.48,7734.3,3290.75,3626.91,repsol,0.23
33,3217.63,3747.64,438.36,8467.63,493.01,1084.44,13242.43,12444.32,1551.89,7384.9,repsol,0.24
33,2712.39,4808.59,1715.78,9062.6,644.4,962.16,4728.95,10982.79,1562.21,9505.25,endesa,0.29
33,2695.1,1597.51,874.0,5317.34,157.04,936.5,3913.96,9200.83,2663.08,2411.74,candela,0.17
33,1165.49,1276.41,1832.42,8732.39,636.2,2489.75,10890.35,1449.68,1344.59,8726.68,endesa,0.23
33,908.63,4511.81,1549.46,7699.85,356.94,2295.36,7224.07,2089.68,4393.3,2669.13,endesa,0.07
33,652.65,2464.53,901.42,1211.5,397.08,4305.3,11452.57,19517.48,313.47,8124.88,pepenergy,0.21
33,3473.21,179.77,1097.89,7455.35,396.49,1305.36,8314.35,15010.69,3178.34,6389.09,endesa,0.13
33,3952.63,4717.23,1735.3,2518.71,727.19,3913.73,14105.44,5776.58,4500.11,8043.43,endesa,0.21
33,3093.71,2972.97,1635.55,2313.16,886.83,1107.91,3155.67,3699.75,4717.83,2653.21,repsol,0.29
33,3443.1,2292.83,1822.22,3059.89,911.06,948.37,14398.6,4389.83,3567.81,6979.13,endesa,0.25
33,646.62,197.12,1610.33,1307.9,610.64,1273.89,3463.95,3997.79,313.86,9147.36,endesa,0.14
33,4014.67,1169.13,1393.95,7615.27,233.9,2510.63,11650.6,8838.47,4704.27,3375.85,naturgy,0.15
33,4582.25,2171.09,1149.13,9370.96,574.62,1253.52,5650.57,5502.43,1709.69,9119.84,endesa,0.14
33,1723.92,1354.47,1941.86,4043.71,375.49,1974.82,11400.52,16640.93,1124.59,3329.13,naturgy,0.12
33,4625.0,1183.58,266.02,1732.7,327.35,1731.0,1811.29,2431.77,4044.61,8349.6,endesa,0.11
33,3703.62,1322.69,240.4,8728.72,666.28,3047.27,9827.83,2551.78,3361.39,2938.63,repsol,0.09
33,3616.92,4376.86,335.59,9701.98,853.15,1816.34,4163.21,4316.91,600.47,6837.33,endesa,0.22
33,1675.79,2941.59,616.86,770.95,946.04,3171.37,4947.81,15044.15,2264.85,4677.68,repsol,0.15
34,2124.94,4588.5,1817.61,5066.59,975.49,905.17,12208.93,16464.63,825.76,8441.84,iberdrola,0.1
34,2215.19,259.09,1034.48,2023.87,694.37,1292.93,4116.89,2570.97,4972.35,5975.29,iberdrola,0.07
34,3329.99,4879.38,1641.0,517.74,207.5,3256.26,13844.28,11035.74,3437.51,2866.63,repsol,0.25
34,4277.81,2578.46,757.76,7546.34,209.76,2962.17,6745.35,16491.73,2126.96,5206.82,repsol,0.21
34,1707.36,3923.45,461.84,8368.02,205.76,2913.64,1637.32,8917.43,1223.54,5337.0,pepenergy,0.26
34,4390.16,3873.84,747.81,1672.6,943.21,1318.0,9676.34,4758.91,1033.04,2328.12,candela,0.12
34,657.36,3944.53,1059.07,3936.64,884.65,4038.42,14842.33,5137.82,3574.03,5304.23,repsol,0.28
34,4816.36,4030.95,1937.97,4456.25,749.9,2535.19,14608.1,1764.28,2926.97,4676.08,candela,0.17
34,857.24,3689.19,73.36,1598.79,126.36,2905.7,5191.2,6490.66,2455.39,9493.16,repsol,0.17
34,1538.71,4858.6,194.53,6621.51,203.56,788.4,12594.6,3236.89,2394.52,3498.14,iberdrola,0.12
34,4186.16,4647.33,304.49,8878.21,975.31,4211.73,8849.14,1182.34,1941.54,1196.73,endesa,0.29
34,4069.62,1496.88,185.74,6813.16,607.45,4982.94,4676.49,11240.59,220.21,2709.58,pepenergy,0.24
34,2843.66,2798.99,1943.18,3813.54,207.54,1356.22,13084.84,6080.33,159.63,8147.59,repsol,0.22
34,4455.16,3217.09,461.53,4041.71,495.61,296.6,6107.54,6029.13,3767.96,8290.28,endesa,0.13
34,2691.86,1755.09,1381.37,1905.42,167.94,2190.12,10300.37,5347.1,4322.81,4974.98,naturgy,0.14
34,3228.42,4524.01,1476.45,8574.15,137.39,2126.68,11128.75,9530.46,1677.2,9167.18,repsol,0.22
34,1285.66,1631.87,1750.78,6974.56,377.23,1112.1,6236.99,12498.43,1310.99,9756.0,endesa,0.11
34,563.16,1694.4,460.27,7724.95,872.35,1225.21,5609.44,18538.18,2387.24,1565.99,endesa,0.12
34,3813.87,1622.67,789.17,5570.79,453.42,4288.52,8611.04,13932.67,892.82,8490.85,endesa,0.08
34,4975.63,1077.24,428.2,9901.19,642.32,1154.42,4741.35,2093.79,1649.16,4276.79,repsol,0.06
35,221.5,3089.15,1125.14,9922.15,695.89,2171.77,1262.59,14603.26,2228.56,1705.7,endesa,0.23
35,1801.25,3360.75,1613.13,9131.88,932.4,4267.41,6387.46,2562.87,4032.91,1751.03,endesa,0.1
35,4095.91,4373.56,1939.6,5013.26,382.03,3319.75,8345.83,14123.49,3213.52,5264.31,iberdrola,0.09
35,2765.52,2718.77,1011.89,4854.06,400.18,2555.74,8421.65,8626.51,3157.96,606.03,pepenergy,0.2
35,1875.84,1496.36,1116.76,6932.34,860.94,4294.55,3285.14,17773.63,2226.92,8151.53,naturgy,0.08
35,2858.15,3867.92,793.26,4036.72,885.59,1750.66,10844.77,2010.97,2254.15,4359.51,iberdrola,0.18
35,707.11,4164.63,1220.06,8554.58,640.86,2779.34,9028.99,16398.66,4705.74,4189.33,endesa,0.26
35,4764.04,178.37,1276.45,2846.78,997.59,3336.5,10553.62,7240.11,1742.0,8961.45,endesa,0.23
35,1119.9,2722.79,1014.89,4722.6,133.71,3621.68,10264.5,12596.7,4471.73,916.11,repsol,0.3
35,2621.25,2510.22,983.1,9504.8,213.98,2517.17,8594.2,10955.51,4548.27,5776.96,naturgy,0.12
35,2962.13,4363.2,1865.03,9697.62,238.96,2937.53,5499.52,14417.25,2904.22,6377.16,endesa,0.19
35,3514.11,3361.96,1163.18,2431.82,565.75,629.49,11736.68,12384.26,495.29,1531.58,pepenergy,0.2
35,2346.38,2088.3,83.77,9147.68,574.57,3264.85,7676.05,18622.12,2892.45,7472.16,endesa,0.26
35,1901.62,1163.49,779.74,7512.27,953.69,1698.3,1001.33,12479.42,4123.84,8103.82,endesa,0.19
35,1556.97,396.14,1144.23,7218.22,859.57,518.6,5356.52,18173.69,3091.4,2089.43,endesa,0.1
35,4343.85,1558.96,234.56,5606.3,308.72,1926.28,3972.62,5353.31,1828.5,2360.57,endesa,0.22
35,1352.46,4322.28,703.5,5298.75,313.3,1866.57,6759.54,15048.84,3283.55,9811.84,endesa,0.05
35,3304.32,3117.54,88.41,8899.46,676.05,597.52,13470.73,5532.8,2001.38,4639.4,endesa,0.19
35,4062.23,4989.41,567.68,3075.24,472.96,3909.8,14392.35,17417.59,4474.71,9991.98,endesa,0.24
35,2705.03,4540.08,1161.31,1100.14,386.95,2727.82,3675.89,17910.69,4870.61,1716.0,endesa,0.09
36,4835.64,2393.97,158.41,556.36,951.42,294.27,7949.45,7719.08,2201.41,7900.8,endesa,0.18
36,1026.31,4657.85,895.99,8174.76,771.05,4735.3,748.16,18069.61,1758.8,1511.26,naturgy,0.17
36,3108.69,1303.64,1206.29,8514.88,165.42,4120.07,2286.17,17771.57,4693.5,9790.62,endesa,0.12
36,879.59,1841.63,1819.42,4402.28,405.46,3695.05,13311.07,3759.63,823.9,8441.09,endesa,0.1
36,1042.75,4734.29,1420.86,5268.81,261.21,3653.26,7574.59,16385.51,3973.58,8075.31,endesa,0.11
36,835.71,582.88,1965.15,7248.81,833.0,1540.98,14381.37,15398.57,2416.19,5785.34,endesa,0.19
36,2563.19,4858.69,201.59,3888.83,231.21,4146.97,6398.6,14060.31,4762.62,7610.84,repsol,0.11
36,2234.75,4562.49,1926.11,9714.0,631.6,298.05,7655.35,6318.63,3263.19,6688.83,endesa,0.06
36,2659.26,2013.81,911.26,8249.5,191.83,3077.4,9835.1,7614.65,471.5,6080.29,iberdrola,0.11
36,2497.73,971.04,219.23,8315.44,148.5,4669.76,11938.92,16574.68,1307.03,5553.97,endesa,0.29
36,2891.96,620.56,230.4,8882.58,950.47,913.56,5459.68,18621.88,1620.49,7183.95,candela,0.15
36,3489.14,947.34,231.43,7870.37,535.95,1991.89,10919.71,7823.49,4062.12,8467.31,endesa,0.16
36,4483.79,2727.8,1400.39,8554.54,680.69,1443.72,6393.1,1027.5,2020.63,8172.02,candela,0.11
36,2859.26,2881.4,1306.71,7024.33,806.81,3106.69,13979.53,1474.7,3579.39,6856.86,pepenergy,0.23
36,1073.15,3307.18,442.9,6997.89,587.5,4963.77,10386.08,4866.32,3266.75,2176.4,endesa,0.29
36,1767.73,4035.89,830.08,5137.84,39.33,739.9,7823.85,12666.61,2157.63,2369.07,endesa,0.21
36,4188.8,4898.31,1933.1,5448.49,887.68,4283.9,14991.54,12133.81,3968.82,3195.42,iberdrola,0.07
36,600.49,2429.88,325.59,4564.06,879.63,1387.24,10903.65,1366.08,1660.98,1122.67,naturgy,0.17
36,1608.85,3745.78,1033.77,1169.97,806.57,4746.47,3717.73,6947.04,452.76,9573.58,endesa,0.2
36,4050.93,2723.48,213.52,7746.22,727.17,1266.92,11648.66,9927.72,101.55,3091.63,iberdrola,0.29
37,4188.75,1594.68,1862.38,4586.78,622.45,3970.76,1776.54,7026.51,1366.67,5301.01,endesa,0.11
37,572.3,2893.48,1770.56,3388.79,362.86,2845.5,6390.64,11354.95,4308.74,1049.86,endesa,0.15
37,773.53,263.04,1304.35,9735.85,118.81,2391.04,14831.25,18847.85,925.19,4755.29,endesa,0.29
37,2834.67,2386.82,1228.66,8407.8,762.14,616.86,9210.23,18536.33,2961.48,1258.83,repsol,0.29
37,4780.36,3275.82,1859.79,1995.11,764.21,4296.73,5135.56,13969.93,2593.81,2512.83,candela,0.22
37,4612.55,1556.5,782.43,9613.1,603.5,3964.02,14726.98,14888.54,4184.52,7251.47,endesa,0.09
37,504.15,3782.29,1480.08,5255.29,74.86,4128.9,1779.02,3399.79,4546.2,4359.32,endesa,0.15
37,580.94,3771.83,492.19,2030.59,933.09,2526.68,10663.87,16771.16,3235.5,2701.13,repsol,0.11
37,644.53,4503.73,265.4,8272.22,142.36,4837.53,11943.6,12032.04,138.88,6134.71,candela,0.11
37,604.84,1557.47,1821.58,9376.47,382.58,4808.62,12028.0,7873.32,1915.97,6192.19,endesa,0.09
37,2527.23,795.58,1430.77,7495.54,735.06,4664.45,4316.42,10756.7,2540.96,1530.47,iberdrola,0.15
37,4822.32,155.84,1667.46,9166.6,78.05,343.25,14985.79,17690.27,992.54,3241.6,endesa,0.25
37,3761.51,3563.11,1467.98,5358.19,433.32,4648.11,3309.26,9712.85,4809.15,2080.84,pepenergy,0.17
37,2655.36,671.42,376.14,6744.73,422.64,2408.96,3853.96,14656.58,3360.24,4659.98,endesa,0.08
37,2766.0,3266.3,1584.12,1684.85,648.52,1415.2,2278.69,12452.35,3167.76,1280.74,iberdrola,0.05
37,969.11,2279.99,1027.38,3594.12,931.49,1561.22,8377.98,10600.01,1261.07,8224.53,endesa,0.12
37,3885.98,1662.93,941.81,6017.08,356.54,920.98,11012.29,12389.76,2531.13,8125.37,endesa,0.05
37,4280.46,3395.29,611.26,7354.94,563.51,1390.18,9421.15,10321.84,3350.88,806.97,repsol,0.16
37,1301.43,3085.02,1651.92,7395.16,999.9,4581.46,2711.91,3872.81,1906.11,3605.36,endesa,0.12
37,356.97,2729.57,1933.78,8984.85,647.87,263.39,7440.3,16916.6,4161.88,6320.95,endesa,0.12
38,962.9,4328.62,968.44,9101.28,755.18,1493.38,4543.82,19191.44,695.39,8395.27,endesa,0.15
38,2927.31,1555.54,1546.38,8153.68,501.95,3064.21,5349.17,17814.03,2386.41,3386.48,repsol,0.27
38,1421.62,297.89,493.6,9922.66,670.4,4265.05,6840.54,12226.42,3001.27,1559.5,candela,0.16
38,1964.67,1449.23,401.71,4174.14,748.71,558.67,4203.01,1756.14,4451.34,1747.72,pepenergy,0.06
38,3774.26,2607.89,1653.17,2211.93,312.07,3857.21,11721.53,19733.36,2670.37,5735.78,naturgy,0.17
38,2962.17,3800.38,1994.73,8232.51,66.15,1062.51,6570.79,16759.73,744.79,7182.0,pepenergy,0.17
38,2434.46,2518.96,86.87,6373.25,367.05,2310.85,762.62,12620.31,1576.14,6714.73,endesa,0.23
38,3215.63,2205.53,408.66,5149.69,948.78,337.9,2766.81,12558.29,4640.94,6066.32,endesa,0.26
38,1258.02,1021.69,1908.14,4693.3,537.75,4251.62,12117.64,17372.88,778.28,2627.17,endesa,0.23
38,1122.43,1536.72,1054.22,8190.84,222.83,2753.72,12217.34,4611.35,3658.36,8157.26,naturgy,0.29
38,2019.44,3115.38,1416.25,5455.3,572.49,2012.37,3289.42,5761.26,1305.11,3999.94,endesa,0.27
38,4712.53,873.36,1591.72,6341.33,856.06,2185.22,12957.87,11744.52,958.52,5642.54,endesa,0.27
38,3152.64,3978.79,877.32,8011.03,921.93,2192.65,13315.49,4403.18,4753.42,2218.98,endesa,0.13
38,4168.34,3342.49,1879.11,3983.98,450.87,387.51,13941.62,18877.22,958.59,2610.86,pepenergy,0.11
38,1730.89,125.66,520.95,8771.5,111.72,2631.98,1528.59,14945.06,3402.47,9762.71,endesa,0.29
38,1961.09,1739.65,1495.37,806.35,848.89,3164.63,6949.82,12719.9,1834.52,6404.43,endesa,0.19
38,4948.1,947.84,1837.1,3815.9,843.81,804.93,9733.89,9019.45,1879.08,5715.59,repsol,0.14
38,2168.56,201.18,185.7,7855.64,963.9,221.3,800.14,17173.98,1807.85,1026.55,repsol,0.19
38,1675.9,2311.01,911.44,8041.44,595.51,3881.17,1221.64,6563.43,1947.31,1046.67,iberdrola,0.15
38,3596.92,1147.35,1005.51,6004.19,474.75,3118.21,5077.8,2310.81,1201.01,509.79,endesa,0.22
39,4306.85,1735.68,1675.12,6387.86,53.04,3185.49,12877.99,15212.7,4125.27,3606.85,pepenergy,0.29
39,4228.6,1545.53,659.81,977.54,46.39,3656.62,8385.49,17220.03,369.04,6322.97,endesa,0.11
39,634.73,3411.75,1808.55,1304.71,847.17,4441.6,7473.03,17329.56,185.7,4147.65,endesa,0.22
39,2909.53,4195.18,599.53,9764.71,644.13,3292.92,5345.97,7756.42,1486.75,3354.37,endesa,0.06
39,3316.07,3781.99,540.22,9061.19,622.03,2606.59,3101.12,5583.87,4520.06,7203.9,endesa,0.15
39,492.81,778.14,168.06,2018.61,591.06,3368.2,1990.71,6412.32,1146.59,1359.04,candela,0.17
39,2312.45,579.65,866.51,2824.48,291.75,1090.02,14459.74,18829.12,1597.92,2200.49,endesa,0.29
39,161.08,3998.33,1286.26,3421.09,179.58,2140.25,6788.65,4391.65,1278.28,8542.87,endesa,0.06
39,3715.7,499.76,353.68,2087.6,212.39,2434.66,8486.29,3238.51,524.86,5868.27,endesa,0.26
39,668.7,293.16,525.62,6682.94,69.93,1427.48,4115.89,18203.02,543.87,3008.92,endesa,0.25
39,4033.82,741.27,1571.77,7266.72,879.67,2911.04,3243.94,10081.31,1851.11,1109.21,endesa,0.09
39,4879.01,2165.52,1388.7,4457.55,668.59,2845.54,13316.78,17641.61,3173.16,2391.09,candela,0.21
39,3367.17,2266.4,1554.6,5273.92,671.51,3848.8,14858.68,16972.29,4091.32,1166.04,endesa,0.12
39,3491.63,2543.8,763.23,3916.83,737.31,2454.25,13178.85,5109.46,2519.68,6854.33,pepenergy,0.11
39,1840.22,1237.32,748.02,8080.64,529.37,3517.71,2275.61,13075.22,385.75,7878.73,endesa,0.15
39,4368.46,1924.3,1563.66,7866.92,692.2,3761.38,10088.04,7208.0,2693.53,3554.82,endesa,0.11
39,4253.74,2573.36,1988.15,1839.88,705.38,1505.37,11953.19,10988.42,1055.18,8283.22,endesa,0.15
39,4267.71,4270.25,1472.04,2972.43,22.82,1170.67,6006.13,11975.08,2569.99,6258.89,endesa,0.11
39,3424.05,1689.5,471.79,8449.87,117.12,1909.02,8006.49,16457.48,636.48,4668.69,endesa,0.21
39,1281.79,3107.57,1417.43,3802.31,39.72,3962.19,2355.72,14161.55,2492.82,2463.03,endesa,0.13
40,2327.2,646.63,699.37,4962.16,726.22,2154.32,6792.88,5447.47,3454.67,9809.03,endesa,0.26
40,4317.04,4302.53,842.98,9698.84,561.95,2756.73,6755.29,16195.37,651.58,3931.94,repsol,0.17
40,1805.38,2762.16,391.94,2037.6,572.79,4263.24,661.72,6708.21,3962.24,1586.2,endesa,0.19
40,3062.79,3233.54,1921.25,8151.34,776.2,3345.08,8659.96,3998.74,2960.64,7669.27,endesa,0.21
40,1249.91,2009.86,1084.23,5219.73,296.61,2459.04,8984.61,7129.0,3745.85,5900.25,endesa,0.29
40,3397.12,4275.18,1560.14,8823.96,464.7,2902.18,6229.81,7281.24,4432.48,6411.2,iberdrola,0.24
40,1219.52,4628.41,534.79,7495.26,66.84,2732.99,11817.18,18554.99,3841.49,3766.63,candela,0.08
40,1932.57,385.64,273.53,8814.65,230.89,1597.57,1940.7,12750.69,3463.55,812.7,naturgy,0.15
40,3064.22,3680.63,894.89,1571.0,181.75,4763.18,12538.06,8890.18,1270.49,6775.52,pepenergy,0.14
40,2086.53,2202.66,1514.05,4967.89,568.77,2496.34,9753.35,1279.92,529.4,1830.04,endesa,0.1
40,4182.01,1595.13,805.47,8830.13,640.93,2895.79,4865.53,13981.85,4484.65,9080.24,pepenergy,0.14
40,1406.2,1809.61,1770.05,732.75,386.07,2800.84,12569.49,4289.94,4301.51,1486.88,iberdrola,0.1
40,2407.19,3915.12,1941.33,2925.13,696.1,4152.2,10169.7,4629.93,527.43,907.2,endesa,0.21
40,1054.55,4937.06,135.72,1082.91,408.6,1866.01,6428.31,17562.46,2635.81,5018.49,naturgy,0.23
40,1741.93,888.92,1337.15,3035.88,605.53,2427.74,10742.08,8033.68,190.17,1085.76,repsol,0.09
40,4788.8,4898.0,633.25,6101.32,459.57,4502.55,1756.16,11958.48,2173.52,8805.96,pepenergy,0.11
40,3387.54,982.4,1418.0,5750.01,421.4,1880.56,7850.16,12999.89,2820.41,5201.07,iberdrola,0.15
40,724.26,2958.08,1627.81,7173.66,578.43,314.31,8703.64,2661.39,3983.76,5848.32,repsol,0.07
40,343.31,2804.42,1017.31,5532.46,766.17,1255.94,3563.96,14451.38,3123.48,8945.57,endesa,0.06
40,4381.3,2271.7,949.36,8855.45,630.04,3230.61,6039.72,14638.68,2780.66,2869.59,endesa,0.14
41,2066.17,182.36,1856.89,5409.66,171.55,2598.86,643.79,4428.35,3888.95,1091.53,naturgy,0.18
41,3014.11,3899.61,1080.9,7205.07,618.07,3585.17,4738.18,5155.99,2671.1,8463.36,endesa,0.12
41,464.1,4086.23,1108.81,4154.73,59.48,3769.05,11676.71,12671.82,4229.51,8330.17,naturgy,0.26
41,3783.65,2523.36,810.2,7466.88,659.15,4956.37,13729.91,5168.78,1875.75,9238.22,endesa,0.28
41,4883.51,2481.42,814.77,8464.9,637.49,2884.26,12005.88,11576.3,4763.36,7340.26,endesa,0.1
41,4256.07,1440.71,88.16,7605.33,155.84,4891.73,3391.77,1179.8,332.78,6390.1,iberdrola,0.19
41,3407.29,1930.62,386.75,9468.44,662.09,3165.4,4732.16,16894.96,1088.94,8828.1,endesa,0.27
41,2998.17,1331.17,1869.38,5192.06,524.29,421.34,3960.64,19927.99,1689.27,3344.86,repsol,0.28
41,2185.43,2573.14,1972.24,1535.51,144.23,1287.71,3999.91,4038.37,4470.06,3142.62,repsol,0.2
41,4618.33,4022.84,634.45,6138.87,938.26,3107.51,14521.52,4441.96,1441.94,5980.94,endesa,0.26
41,2618.18,1695.91,1104.19,3061.39,424.42,1925.29,1706.84,10856.36,3172.77,1499.29,endesa,0.19
41,1758.59,2108.57,1888.86,4490.41,831.01,3539.43,11301.66,4997.19,3864.63,5303.52,naturgy,0.24
41,922.83,1222.98,1071.99,8372.54,958.57,2286.45,3714.8,10512.64,4778.74,9930.52,endesa,0.06
41,3651.03,2506.8,1571.1,7832.16,436.68,4997.79,13034.27,10036.53,3187.71,3473.76,endesa,0.16
41,2741.27,3587.15,195.75,8333.78,812.83,471.07,4945.42,14296.71,431.16,593.52,endesa,0.24
41,2887.79,2627.55,936.96,5708.5,838.65,1763.55,9579.69,6748.46,1703.99,5744.29,endesa,0.26
41,4675.03,2753.74,1405.55,3274.68,46.26,912.66,4911.2,17101.47,4255.08,6665.48,pepenergy,0.08
41,2193.03,4307.04,1334.03,9452.65,531.52,3507.74,3037.29,3613.86,2803.69,656.95,naturgy,0.26
41,1186.7,418.04,476.64,2621.01,987.23,4155.9,8583.8,13317.84,4085.84,2481.9,naturgy,0.3
41,1644.59,1388.19,528.18,1830.74,981.22,2747.53,6998.11,3832.25,1056.24,947.4,endesa,0.21
42,3669.87,1692.25,1579.41,3302.71,888.34,2120.2,10158.53,15924.57,1839.7,9243.85,repsol,0.18
42,3482.6,2022.5,1701.59,4285.26,867.86,1071.93,8018.79,4419.07,2717.75,3846.55,iberdrola,0.18
42,688.06,1885.69,856.09,2159.57,774.71,2391.28,13205.18,4914.41,3454.24,3876.34,endesa,0.27
42,3034.49,4952.33,1805.91,5334.69,254.82,2967.49,11714.86,15678.68,3462.3,6428.57,naturgy,0.14
42,3808.9,695.63,857.2,4848.66,693.63,3314.9,8239.27,7044.05,1322.67,8470.5,repsol,0.08
42,180.95,1194.02,283.35,7412.4,72.83,2708.99,6204.66,7735.19,4849.41,6864.03,iberdrola,0.27
42,3512.25,2414.42,980.47,9111.62,830.48,241.43,9786.07,1175.74,113.66,2966.23,endesa,0.2
42,2559.06,4079.0,79.0,2768.99,175.94,1056.79,6519.75,4762.38,4983.84,6854.65,pepenergy,0.21
42,1648.6,3590.8,644.95,7114.13,65.9,3905.8,7299.34,3964.34,602.0,7459.61,endesa,0.1
42,1035.07,3773.39,1587.37,7170.65,139.12,3044.87,12614.89,3706.86,2434.85,3545.95,iberdrola,0.1
42,238.13,1437.94,1407.66,2603.33,139.16,4353.47,987.99,1323.12,194.45,9177.25,endesa,0.29
42,4294.48,3681.78,586.01,569.0,835.97,707.75,12298.85,16946.9,2846.09,3243.36,endesa,0.3
42,1479.71,1287.96,1809.82,8358.72,454.55,4521.43,8791.48,18362.02,494.96,6026.21,endesa,0.13
42,1092.91,1499.93,873.0,4953.33,400.75,246.56,8914.29,1535.54,4850.55,6014.67,endesa,0.06
42,2723.98,1643.98,1167.31,9727.5,198.46,1545.86,11615.0,12939.92,919.34,9025.86,endesa,0.26
42,2202.21,810.64,1127.17,575.97,141.57,1943.98,2368.87,6251.11,4627.22,5604.46,naturgy,0.15
42,2569.76,3236.34,1911.74,1669.2,782.87,3591.13,10128.41,5926.37,1516.58,5250.36,endesa,0.2
42,4865.65,1272.17,1854.24,6784.62,851.03,1089.47,8665.7,16465.3,164.2,3879.28,iberdrola,0.12
42,714.98,1236.88,296.92,9154.62,985.0,1991.67,11830.08,8782.05,4198.07,8642.71,endesa,0.08
42,2844.41,4519.25,356.28,5346.93,420.8,2147.22,3215.22,1768.17,2176.73,2980.17,naturgy,0.15
43,4935.02,546.62,1248.42,9187.6,851.72,3136.29,1301.09,1283.07,3599.37,8227.93,naturgy,0.24
43,4650.69,2379.98,1053.94,6228.88,557.9,1619.82,12746.49,14170.1,401.03,5591.51,endesa,0.16
43,290.41,3417.22,165.98,3379.6,908.92,2174.0,778.5,3839.17,4001.05,2682.88,endesa,0.28
43,1643.62,3738.51,1597.33,8172.55,427.09,4624.33,2509.1,1642.1,3323.99,3214.78,endesa,0.26
43,4303.53,1701.53,1074.16,3625.64,639.81,4494.23,2631.23,11058.79,3346.79,3473.82,pepenergy,0.11
43,1187.71,594.14,1945.02,6918.83,977.82,4332.06,9149.26,5234.4,2370.77,8547.57,endesa,0.09
43,2870.45,3483.71,708.43,4486.04,278.25,4835.57,4125.07,3039.99,137.34,920.79,endesa,0.12
43,2468.09,3255.48,419.49,3647.06,370.68,3239.36,9352.62,13967.82,3966.88,1164.36,endesa,0.17
43,106.12,4397.16,786.54,9322.04,637.52,2829.1,9394.28,7854.23,2321.97,7431.81,endesa,0.1
43,886.85,3967.56,234.0,9506.19,316.4,204.42,3201.65,15742.67,2472.18,6109.6,repsol,0.17
43,2025.7,4076.6,1110.5,9299.78,477.21,3799.24,12797.32,7028.03,3321.15,3545.17,pepenergy,0.25
43,2795.57,4444.41,1842.19,5483.9,463.65,3717.87,1541.01,1274.99,2370.58,4428.97,pepenergy,0.17
43,4402.88,1452.76,1735.14,2427.22,88.85,4809.95,1275.47,2020.3,4071.33,9005.26,endesa,0.13
43,1098.46,1300.07,743.06,2958.51,417.48,2698.38,11384.86,8017.64,4888.09,5289.64,endesa,0.16
43,2424.87,4832.59,425.31,3363.34,755.92,2334.23,9429.88,12365.21,2107.28,8376.26,repsol,0.29
43,4815.61,828.46,866.41,9152.63,652.18,1631.28,2855.85,3397.54,4755.9,2574.51,pepenergy,0.25
43,467.93,4451.31,536.33,7079.82,587.64,2931.74,3056.32,6879.82,4675.76,6621.09,naturgy,0.19
43,4965.24,3887.92,1443.32,7877.28,584.8,3983.81,8204.52,11806.41,3619.24,4443.23,pepenergy,0.2
43,2670.15,1155.8,1969.94,8165.78,657.65,954.19,9231.16,8225.88,2867.36,3715.35,candela,0.08
43,4722.76,1827.06,1142.63,8210.45,906.36,1762.53,1916.93,10406.83,1851.03,3102.7,endesa,0.17
44,1513.56,4811.81,1452.48,3543.13,226.12,3003.18,1662.17,4217.84,3939.57,9683.08,repsol,0.05
44,4535.66,4899.16,809.23,1385.8,297.7,1023.93,1522.38,8794.84,4926.43,882.3,pepenergy,0.12
44,2619.4,401.02,925.14,7200.94,291.99,1060.25,12961.32,7007.8,4529.62,655.29,endesa,0.29
44,2517.28,3691.26,1845.51,4126.34,505.83,3860.08,4337.49,7335.38,2878.72,6989.16,repsol,0.2
44,4051.53,4988.36,1057.69,4009.24,643.41,3462.37,13132.34,6377.39,179.29,912.19,endesa,0.28
44,109.92,2850.99,1467.84,3296.94,895.63,4581.79,8608.82,10416.99,242.83,8806.21,endesa,0.24
44,2912.16,4991.75,816.08,1078.88,441.89,464.09,8430.68,7463.8,2733.47,2727.77,pepenergy,0.19
44,659.95,4618.36,1056.21,1952.93,348.38,3158.14,6604.77,12253.33,492.29,9468.05,endesa,0.12
44,1540.06,2540.36,1071.22,3279.12,223.14,1880.55,3237.04,2413.78,2475.76,9807.3,iberdrola,0.2
44,3322.83,3854.05,205.44,2415.78,395.64,3159.42,1551.4,11251.22,1588.61,4968.57,endesa,0.2
44,311.1,483.35,1645.53,1358.76,618.46,634.43,10596.37,9235.57,646.03,3163.13,endesa,0.25
44,4786.52,1660.74,1004.89,5412.64,577.54,4379.87,12799.97,13721.27,3906.16,6462.93,naturgy,0.28
44,3625.85,805.57,839.91,3263.9,991.34,262.31,8897.19,14593.05,4499.1,2581.78,naturgy,0.26
44,834.35,1514.5,1048.22,789.79,209.08,1593.99,3106.64,9889.96,2938.0,7336.29,endesa,0.11
44,3662.8,1739.82,1294.76,4209.35,503.18,3922.84,7891.52,12899.39,3412.08,2681.45,endesa,0.08
44,2522.57,3193.74,1925.12,6234.85,474.49,312.77,7102.81,3181.61,1801.19,4009.49,endesa,0.28
44,4516.38,3220.08,493.04,3420.75,680.35,3455.65,13119.14,12567.21,4293.3,3740.07,endesa,0.09
44,597.28,2706.31,1618.34,9427.29,376.22,905.15,11654.91,9155.79,3130.78,1281.61,candela,0.14
44,444.16,2971.66,1287.22,4509.25,764.33,2380.0,5843.15,2760.12,2069.12,6260.96,endesa,0.16
44,3753.21,1491.93,998.97,2977.51,750.69,810.46,12768.5,1481.79,4406.36,9179.12,endesa,0.25
45,190.56,1001.8,1039.98,4704.87,461.64,3904.03,9356.0,19890.82,164.62,3055.04,pepenergy,0.23
45,1198.47,417.68,1593.74,5466.71,834.4,3254.58,8894.51,18187.69,3076.09,5231.66,endesa,0.18
45,2569.21,2568.91,1283.95,6264.83,628.16,4199.09,14728.65,6921.75,1364.94,6234.85,endesa,0.25
45,3532.08,3069.57,439.99,6201.27,470.13,384.62,4838.25,10822.17,4354.69,2946.17,endesa,0.3
45,1059.53,1675.89,742.03,1921.52,375.19,4603.85,14692.14,6244.75,149.16,3554.63,iberdrola,0.12
45,1494.03,4805.79,721.73,7729.49,956.14,958.08,8785.56,11212.58,2162.92,5198.9,endesa,0.08
45,591.64,907.98,246.47,8542.52,386.09,2595.9,9022.97,15845.5,2887.81,935.09,endesa,0.25
45,3068.97,2007.28,324.42,2174.81,877.81,2799.18,12469.67,11501.69,2530.43,8537.54,iberdrola,0.26
45,3516.92,2624.39,1917.85,2524.71,208.24,4942.61,4014.09,15473.9,2021.48,515.21,endesa,0.24
45,2579.76,400.89,390.75,8038.94,662.63,3436.58,3712.19,11929.56,3432.67,5583.06,candela,0.07
45,822.11,1733.03,1169.04,4876.74,834.03,2797.73,9817.04,19524.09,1969.65,9923.71,repsol,0.06
45,2954.64,607.34,616.24,1141.75,674.37,2736.73,12304.61,2932.18,4749.76,6185.42,candela,0.22
45,461.07,735.26,1728.19,4111.25,710.98,438.25,4438.23,4793.96,2500.99,1065.97,endesa,0.09
45,4823.65,3128.74,812.35,5740.64,446.06,739.11,7007.68,5305.87,1240.4,7134.87,endesa,0.19
45,1952.41,3230.15,387.27,5921.84,938.95,823.53,3810.14,4128.06,3007.48,1241.66,pepenergy,0.13
45,721.25,1413.91,1885.57,881.89,296.1,2420.11,11304.38,5209.24,1939.89,7747.67,candela,0.3
45,2434.23,2187.01,544.51,5424.58,474.13,4227.56,2774.69,12180.69,3528.72,5359.0,iberdrola,0.12
45,1312.41,3843.56,535.04,2216.27,975.1,4818.96,1546.66,14959.68,3158.98,9576.71,endesa,0.18
45,740.64,2905.29,1583.73,4260.59,569.3,4668.54,1177.18,4808.92,3658.88,3286.15,naturgy,0.21
45,2496.18,3111.44,598.68,3590.14,128.17,4111.28,14525.62,2981.93,687.58,2792.39,pepenergy,0.05
46,4515.66,4702.23,1963.1,8920.17,163.13,2362.38,11029.58,13496.14,561.57,9510.26,endesa,0.09
46,1730.22,4384.15,1694.59,5643.32,850.56,2383.49,11427.84,18441.44,4234.37,7651.23,endesa,0.13
46,2888.49,1682.92,688.19,4981.2,25.55,676.8,7865.31,19855.49,3517.36,508.45,candela,0.16
46,2468.23,4713.21,946.41,6520.99,363.03,1744.73,968.33,5870.56,1495.98,9414.5,repsol,0.2
46,4056.57,2227.5,1335.24,1339.4,935.22,1687.15,4341.02,13420.62,553.36,3260.9,endesa,0.19
46,3587.58,2876.35,315.59,1616.57,542.89,2525.35,10037.85,4905.55,3904.59,6771.42,pepenergy,0.23
46,1930.86,1102.56,931.17,7130.94,674.73,3765.59,10205.59,2307.55,3801.62,1111.4,pepenergy,0.28
46,1447.89,1572.91,743.89,8721.07,298.46,2933.7,14565.85,10757.85,1839.63,694.61,endesa,0.2
46,3618.21,4719.56,1546.37,7056.26,958.66,2267.43,13973.44,2094.91,3667.67,5166.82,endesa,0.05
46,2454.08,1711.43,1281.68,706.36,858.32,255.4,11702.02,10487.88,695.96,7673.25,endesa,0.28
46,1510.49,2637.43,1912.74,6134.54,333.22,1214.72,661.91,7674.28,4942.3,6892.31,endesa,0.2
46,4865.32,2939.41,1695.53,8653.64,84.24,3592.19,11428.18,18316.31,3082.51,2878.34,iberdrola,0.22
46,2290.52,943.83,415.62,5967.94,281.35,1675.64,10729.48,8674.64,2972.18,7824.75,candela,0.27
46,4846.95,4470.35,1392.13,9876.34,910.54,4477.26,6742.4,5300.04,1437.89,2039.15,repsol,0.07
46,989.86,1894.33,225.97,7791.98,603.33,2902.45,1630.11,2125.11,4874.97,3627.37,endesa,0.14
46,2348.02,2057.87,1527.56,787.05,524.55,4976.38,865.81,15546.08,4443.1,4954.78,endesa,0.08
46,443.31,4134.64,1800.87,2268.01,638.83,3122.97,5408.05,1732.28,3323.46,5595.14,endesa,0.15
46,3877.42,2838.27,762.0,9125.02,343.21,1676.93,7507.19,13550.04,4430.59,5734.9,candela,0.18
46,3759.5,928.85,1144.07,5739.38,561.75,2340.71,5313.62,7585.59,3390.8,1738.08,endesa,0.07
46,501.39,2409.79,948.4,7600.69,674.04,4104.16,4536.7,17262.78,1521.95,6740.8,endesa,0.14
47,4032.49,1360.33,1997.87,7638.65,457.14,477.46,14347.36,13258.67,200.42,1791.13,iberdrola,0.14
47,4481.0,4701.25,211.07,5692.19,865.27,1746.33,11801.43,4442.93,1160.71,2208.6,endesa,0.23
47,792.75,4467.76,1757.85,8408.18,634.71,616.57,9064.71,17304.99,2687.71,4365.53,endesa,0.06
47,4434.91,3878.58,1852.21,1177.44,997.22,3682.96,8420.17,14192.96,3043.03,7853.95,endesa,0.1
47,4719.03,422.55,1462.19,8280.04,378.53,1237.02,5666.44,16324.42,2480.04,9625.87,endesa,0.28
47,3802.61,4501.04,203.19,6874.9,788.44,1230.23,3739.87,13096.0,974.71,3079.12,iberdrola,0.14
47,596.44,3996.35,1721.25,2865.87,526.38,574.59,11670.78,13363.61,2567.35,4529.64,naturgy,0.25
47,769.64,3769.24,1120.02,1185.87,534.83,2388.74,4577.87,18475.64,1598.22,7201.48,endesa,0.27
47,4997.68,2162.26,578.2,1497.99,476.72,2780.75,11787.38,4143.76,3703.16,8920.87,endesa,0.05
47,2765.16,4264.03,484.98,4042.78,385.03,3107.49,10561.45,12299.63,4271.67,5508.8,naturgy,0.29
47,1533.86,3635.27,155.2,1827.48,487.41,3815.44,6447.79,6455.35,261.45,7844.4,repsol,0.23
47,2750.08,675.59,1953.82,898.43,344.25,1764.84,4046.44,6595.24,2377.65,887.26,repsol,0.29
47,552.52,1677.38,1843.79,9700.77,708.26,1802.3,12773.66,16606.48,2912.6,2962.43,repsol,0.11
47,2272.71,4053.28,1091.76,2547.06,946.66,4906.61,7581.87,18861.36,255.9,5172.13,endesa,0.18
47,4608.17,3189.42,1770.4,7667.84,163.36,2591.28,7833.32,10368.81,4028.39,1777.9,naturgy,0.29
47,2249.72,3426.52,1688.3,8479.55,83.73,3745.78,9123.3,15715.05,3616.8,7853.8,endesa,0.14
47,2579.62,569.96,434.71,9613.95,38.57,2478.92,3613.79,13094.08,4770.98,9549.51,endesa,0.07
47,910.15,2728.68,429.66,2926.03,829.65,1039.25,6995.01,14736.54,816.15,7359.87,endesa,0.2
47,2309.74,2637.19,904.11,7852.64,912.78,1785.78,2280.49,16845.04,370.81,7019.12,iberdrola,0.09
47,985.54,3042.56,1130.78,5951.07,559.26,3277.05,8356.33,15552.42,2349.78,930.01,endesa,0.19
48,2562.14,2072.55,1834.66,6371.2,402.81,1502.14,9465.94,17426.28,3643.33,5848.17,endesa,0.21
48,4607.72,2314.28,1250.5,9705.73,789.36,2566.94,1154.89,7320.41,2361.45,4551.62,pepenergy,0.24
48,4307.5,2597.32,1743.54,5623.8,383.75,997.24,12319.42,9664.82,3594.97,4949.01,pepenergy,0.21
48,3157.39,1403.8,1874.39,5543.38,233.54,2097.53,13857.45,19838.08,855.51,5697.86,candela,0.27
48,1152.88,404.86,519.04,4657.3,356.31,4460.16,6949.77,19003.49,1128.2,1799.93,endesa,0.14
48,1553.01,3627.25,1410.44,6438.0,239.48,3517.5,8059.22,6592.89,4704.03,8414.46,endesa,0.11
48,4037.12,2980.02,853.73,9485.04,302.57,666.81,10678.11,11208.09,4338.64,986.02,pepenergy,0.23
48,2446.1,2895.82,1599.89,866.13,986.77,3799.71,985.43,1394.11,2241.85,6654.01,pepenergy,0.26
48,865.02,1643.0,573.0,2276.53,426.06,3559.39,7465.95,5851.17,2168.33,3176.66,endesa,0.09
48,4104.26,1305.51,964.14,7343.03,374.9,3432.73,10911.87,5982.08,2410.41,8672.21,repsol,0.28
48,4084.96,1525.41,879.47,4626.73,598.53,2866.65,11042.18,3131.85,877.78,6452.31,iberdrola,0.2
48,2982.15,2589.65,1016.59,2560.87,743.33,1544.36,8665.3,5232.34,3377.42,8167.86,candela,0.09
48,1499.61,2582.66,1581.98,9591.53,94.66,3122.32,4439.5,7169.43,2199.98,4095.74,iberdrola,0.27
48,4133.5,674.81,979.0,5310.14,167.76,2237.37,2885.16,1490.26,3458.07,2798.8,pepenergy,0.26
48,2152.27,4332.23,1821.23,7558.62,763.74,501.36,2197.03,12103.16,1069.09,3327.33,endesa,0.16
48,3824.58,3947.47,829.61,5214.41,476.67,4447.59,1538.69,8485.84,4014.9,7255.46,naturgy,0.1
48,3416.27,3762.64,1851.2,6992.15,297.54,2009.87,12548.2,7638.89,1994.12,8916.31,naturgy,0.13
48,4394.35,3895.85,1305.81,1967.48,825.04,4293.25,1164.37,5310.41,3581.65,9635.7,pepenergy,0.25
48,938.42,1430.02,1042.36,8388.69,412.85,695.31,10518.97,14714.75,708.67,8154.16,endesa,0.06
48,1923.74,1043.63,886.45,639.72,681.54,824.84,1115.32,6560.43,1893.06,5200.59,repsol,0.25
49,1502.58,1646.24,203.46,7979.15,65.34,1714.87,1392.13,5492.94,1163.79,6030.71,iberdrola,0.25
49,3836.32,4247.23,1535.92,7059.59,847.01,404.05,3821.65,16749.77,4175.08,6932.41,endesa,0.09
49,1383.31,3854.23,1314.56,8735.05,254.42,4991.25,605.34,18321.52,3542.61,4949.27,endesa,0.17
49,819.57,2553.09,1402.27,2543.7,739.1,287.61,11944.94,14393.41,2160.75,1692.56,pepenergy,0.27
49,218.46,4628.72,1769.97,8866.3,741.94,2077.89,9150.95,5982.59,4936.14,7705.35,endesa,0.12
49,864.72,4385.09,840.09,5816.66,720.26,1548.69,8579.42,17485.29,783.18,8454.06,endesa,0.27
49,697.8,3375.43,1125.78,8498.09,846.17,4619.52,13808.66,5355.16,3478.26,6204.11,iberdrola,0.07
49,1470.49,4237.96,838.97,2743.05,445.63,3058.75,11988.39,9165.06,3049.76,617.8,endesa,0.26
49,2210.52,4167.6,576.28,563.52,58.79,4511.77,14353.72,15552.26,4609.0,7824.8,naturgy,0.12
49,3699.36,3439.08,1282.03,6433.7,679.57,1243.21,13766.57,14076.06,3751.09,5847.14,endesa,0.28
49,4495.33,3562.04,1117.06,4393.9,51.2,2624.82,2162.9,13061.82,430.56,1424.23,candela,0.28
49,350.31,546.72,1966.88,4345.3,714.64,2964.39,6040.87,7388.67,4673.99,4854.41,endesa,0.06
49,1625.73,464.46,1956.36,7271.04,912.29,1675.07,6137.2,15778.31,2984.8,4021.07,endesa,0.05
49,255.28,1844.51,1961.13,1669.34,622.39,4449.22,12489.83,14284.12,1116.91,5835.99,endesa,0.23
49,3817.65,3883.53,1640.93,9180.8,429.9,770.05,5562.41,14298.1,2141.77,3995.12,iberdrola,0.3
49,3080.52,2268.62,1493.2,5185.29,510.55,1314.25,6667.57,14509.6,673.99,2976.98,endesa,0.16
49,4051.99,1071.34,1190.96,4214.35,592.59,1317.44,12304.6,1663.55,3488.56,7840.84,endesa,0.22
49,2477.82,2357.63,974.72,2442.47,42.01,2078.51,2142.12,18939.91,4725.57,8286.35,naturgy,0.3
49,1817.98,3290.83,329.65,4923.99,525.77,2619.31,11178.53,11359.55,2909.24,9793.78,iberdrola,0.26
49,3688.31,1534.5,1424.02,7440.35,665.79,2558.49,6765.88,11588.24,4758.18,6237.33,endesa,0.12
50,2929.9,4420.66,1695.45,7524.59,61.86,777.8,12701.7,7249.06,671.65,7967.68,repsol,0.07
50,764.68,3885.55,1071.66,608.08,396.35,3507.87,11667.25,12706.71,2871.59,4306.43,endesa,0.21
50,1665.42,779.13,1252.18,5334.93,147.75,682.09,1944.88,19541.54,2641.91,8853.39,endesa,0.12
50,4666.39,4856.32,782.77,7471.23,99.0,985.6,5162.15,13794.79,3482.06,3191.37,endesa,0.07
50,1938.86,1169.66,1070.84,9592.2,160.8,3955.08,5470.77,19613.53,2113.39,6704.2,endesa,0.16
50,4888.48,4211.19,1801.37,6076.29,452.43,4659.59,5140.53,2280.54,2329.32,5973.84,endesa,0.21
50,2778.78,2482.87,437.54,4571.18,839.95,882.89,11672.58,16732.24,363.71,8212.84,repsol,0.25
50,3254.73,3040.59,1513.03,8691.44,905.71,3351.05,5441.5,14359.31,629.5,3851.61,naturgy,0.1
50,362.56,2631.06,1731.06,764.22,472.31,2807.01,848.01,15763.38,2186.3,4314.88,endesa,0.2
50,4059.89,113.66,783.03,7485.91,803.71,4393.57,14814.85,10225.21,2504.18,8440.94,repsol,0.18
50,3019.66,2680.85,189.72,3068.68,191.18,2064.29,14144.74,3526.61,3830.91,8923.79,endesa,0.14
50,2930.75,4775.37,1202.39,3172.81,798.19,1364.96,6893.65,16752.85,4963.82,1275.59,endesa,0.09
50,4282.83,3291.58,1802.34,7868.35,399.78,1887.86,11752.55,11159.77,1306.17,5952.81,pepenergy,0.09
50,626.74,864.51,120.59,2427.23,171.78,653.45,13762.22,13714.7,3621.7,7345.75,endesa,0.14
50,641.67,3578.95,1532.73,4785.9,992.48,3000.02,4803.55,7103.88,1419.05,9712.93,endesa,0.05
50,3716.28,4772.85,206.65,7684.13,649.67,1103.67,5408.54,18655.89,4369.88,7324.72,repsol,0.29
50,1589.5,1195.15,133.47,1928.42,525.52,788.42,5169.97,7458.29,3462.58,9392.65,repsol,0.29
50,2617.71,3529.71,1595.88,7559.14,252.17,1894.57,10814.07,1823.89,2146.82,5136.64,repsol,0.15
50,4935.92,3438.68,542.18,1147.13,438.13,3232.06,14735.31,7679.58,3282.26,8029.8,pepenergy,0.22
50,2600.38,4780.57,1695.61,7463.47,546.33,3647.2,12682.5,4383.99,2508.8,2282.8,repsol,0.17
